Date,Politician,Last Name,Chamber,Symbol,Name,Trans Total<sup>*</sup>,Trans,Notes
04/01/2021,Thomas,Tuberville,US Senator,INTC,Intel Corp,8000,Buy,"Purchase Of Put Options With Strike Price $50.00 And Expiry 07/16/2021. Traded $1,001 To $15.000, As We Don't Have A Price We Have Stated An Amount Of 1 And Valued At The Midpoint."
04/01/2021,Thomas,Carper,US Senator,PSQ,Short QQQ -1X ,24000,Buy,"By Spouse. Traded $3,001 To $45,000 "
04/01/2021,Thomas,Tuberville,US Senator,PYPL,Paypal Holding,16000,Sell,"Sale Of Put Options With Strike Price $220.00 And 06/17/2022. Traded $2,001 To $30.000 As We Don't Have A Price We Have Stated An Amount Of 1 And Valued At The Midpoint."
04/01/2021,Thomas,Carper,US Senator,SH,Short S&P500 -,24000,Sell,"By Spouse. Traded $3,001 To $45,000 "
04/01/2021,Thomas,Tuberville,US Senator,INTC,Intel Corp,32000,Sell,"Sale Of Put Options With Strike Price $50.00 And Expiry 07/16/2021. Traded $4,001 To $60,000, As We Don't Have A Price We Have Stated An Amount Of 1 And Valued At The Midpoint."
04/01/2021,Thomas,Tuberville,US Senator,WY,Weyerhaeuser C,75000,Sell,"Traded $50,001 to $100,000 "
04/01/2021,Thomas,Tuberville,US Senator,DG,Dollar General,75000,Sell,"Traded $50,001 to $100,000 ."
05/01/2021,James,Inhofe,US Senator,CRSP,Crispr Therape,8000,Sell,"Traded $1,001 to $15,000 "
05/01/2021,Thomas,Tuberville,US Senator,META,Meta Platforms,8000,Sell,"Sale Of Put Options With Strike Price $225.00 And Expiry 07/16/2021. Traded $1,001 To $15,000 , As We Don't Have A Price We Have Stated An Amount Of 1 And Valued At The Midpoint."
06/01/2021,Thomas,Tuberville,US Senator,AA,Alcoa Corp,65000,Buy,"Traded $30,001 To $100,000 "
06/01/2021,Thomas,Tuberville,US Senator,AA,Alcoa Corp,8000,Sell,"Sale Of Call Options With At A Strike Price Of $26.00 And Expiry 07/16/2021.Traded $1,001 To $15,000 As We Don't Have A Price We Have Stated An Amount Of 1 And Valued At The Midpoint."
06/01/2021,Thomas,Tuberville,US Senator,AA,Alcoa Corp,16000,Sell,"Sale Of Put Options With Strike Price $22.00 And Expiry 01/21/2022 .Traded $2,001 To $30,000 As We Don't Have A Price We Have Stated An Amount Of 1 And Valued At The Midpoint."
08/01/2021,William Francis,Hagerty,US Senator,VRM,Vroom Inc,8000,Buy,"Traded $1,001 to $15,000 ."
08/01/2021,Thomas,Carper,US Senator,AJRD,Aerojet Rocket,8000,Sell,"By Spouse. Traded $1,001 To $15,000 "
08/01/2021,William Francis,Hagerty,US Senator,LMND,Lemonade Inc,8000,Sell,"Traded $1,001 to $15,000 "
11/01/2021,Thomas,Carper,US Senator,MNDT,Mandiant Inc,8000,Sell,"By Spouse. Traded $1,001 To $15,000 "
11/01/2021,Thomas,Carper,US Senator,DDOG,Datadog Inc Cl,8000,Sell,"By Spouse. Traded $1,001 To $15,000 "
11/01/2021,Thomas,Carper,US Senator,CAG,Conagra Brands,8000,Sell,"By Spouse. Traded $1,001 To $15,000 "
11/01/2021,Thomas,Carper,US Senator,PSQ,Short QQQ -1X ,24000,Sell,"By Spouse. Traded $3,001 To $45,000 "
11/01/2021,Thomas,Carper,US Senator,SH,Short S&P500 -,24000,Sell,"By Spouse. Traded $3,001 To $45,000 "
13/01/2021,Richard,Blumenthal,US Senator,SG,Sweetgreen Inc,75000,Buy,"By Spouse. Traded $50,001 To $100,000 "
13/01/2021,Thomas,Tuberville,US Senator,QQQ,Nasdaq QQQ Inv,32500,Sell,"Sale Of Put Options With Strike Price $262.00 And Expiry 09/17/2021. Traded $15.001 To $50,000, As We Don't Have A Price We Have Stated An Amount Of 1 And Valued At The Midpoint."
13/01/2021,Thomas,Tuberville,US Senator,TDY,Teledyne Techn,75000,Sell,"Traded $50,001 to $100,000 "
15/01/2021,Gary,Peters,US Senator,STAG,Stag Industria,8000,Buy,"Traded $1,001 to $15,000 "
15/01/2021,Gary,Peters,US Senator,AEP,American Elect,8000,Buy,"Traded $1,001 to $15,000 "
19/01/2021,William Francis,Hagerty,US Senator,EDIT,Editas Medicin,32500,Sell,"Traded $15,001 to $50,000 "
20/01/2021,Ronald,Wyden,US Senator,AAPL,Apple Inc,24002,Buy,"By Dependent Children. Traded $3,003 To $45,000 ."
21/01/2021,Thomas,Tuberville,US Senator,CLF,Cleveland-Clif,32500,Buy,"Traded $15,001 to $50,000 "
21/01/2021,Thomas,Tuberville,US Senator,CLF,Cleveland-Clif,8000,Sell,"Sale Of Put Options With Strike Price $15.00 And 07/16/2021.Traded $1,001 To $15,000 As We Don't Have A Price We Have Stated An Amount Of 1 And Valued At The Midpoint."
22/01/2021,John,Boozman,US Senator,ABBV,Abbvie Inc,8000,Buy,"Traded $1,001 to $15,000 "
22/01/2021,John,Boozman,US Senator,GBIL,GS Treasuryacc,8000,Buy,"Traded $1,001 to $15,000 "
22/01/2021,John,Boozman,US Senator,INDA,India MSCI Ish,8000,Buy,"Traded $1,001 to $15,000 "
22/01/2021,John,Boozman,US Senator,IVW,S&P 500 Growth,8000,Buy,"Traded $1,001 to $15,000 "
22/01/2021,John,Boozman,US Senator,FCVT,Ssi Strategic ,32500,Buy,"Traded $15,001 to $50,000 "
22/01/2021,John,Boozman,US Senator,NFRA,Flexshares Glo,32500,Buy,"Traded $15,001 to $50,000 "
22/01/2021,John,Boozman,US Senator,GEM,GS Activebeta ,32500,Buy,"Traded $15,001 to $50,000 ."
22/01/2021,John,Boozman,US Senator,CMBS,CMBS Ishares E,32500,Buy,"Traded $15,001 to $50,000 "
22/01/2021,John,Boozman,US Senator,AAPL,Apple Inc,8000,Sell,"Traded $1,001 to $15,000 ."
22/01/2021,John,Boozman,US Senator,ACN,Accenture Plc,8000,Sell,"Traded $1,001 to $15,000 "
22/01/2021,John,Boozman,US Senator,BAC,Bank of Americ,8000,Sell,"Traded $1,001 to $15,000 ."
22/01/2021,John,Boozman,US Senator,COF,Capital One Fi,8000,Sell,"Traded $1,001 to $15,000 "
22/01/2021,John,Boozman,US Senator,CSCO,Cisco Systems ,8000,Sell,"Traded $1,001 to $15,000 "
22/01/2021,John,Boozman,US Senator,CL,Colgate-Palmol,8000,Sell,"Traded $1,001 to $15,000 "
22/01/2021,John,Boozman,US Senator,CMCSA,Comcast Corp A,8000,Sell,"Traded $1,001 to $15,000 "
22/01/2021,John,Boozman,US Senator,DIS,Walt Disney Co,8000,Sell,"Traded $1,001 to $15,000 "
22/01/2021,John,Boozman,US Senator,DTE,Dte Energy Com,8000,Sell,"Traded $1,001 to $15,000 "
22/01/2021,John,Boozman,US Senator,EBAY,Ebay Inc,8000,Sell,"Traded $1,001 to $15,000 ."
22/01/2021,John,Boozman,US Senator,ECL,Ecolab Inc,8000,Sell,"Traded $1,001 to $15,000 "
22/01/2021,John,Boozman,US Senator,FI,Fiserv Inc,8000,Sell,"Traded $1,001 to $15,000 ."
22/01/2021,John,Boozman,US Senator,FBIN,Fortune Brands,8000,Sell,"Traded $1,001 to $15,000 ."
22/01/2021,John,Boozman,US Senator,GD,General Dynami,8000,Sell,N/A
22/01/2021,John,Boozman,US Senator,GILD,Gilead Science,8000,Sell,"Traded $1,001 to $15,000 "
22/01/2021,John,Boozman,US Senator,HAS,Hasbro Inc,8000,Sell,"Traded $1,001 to $15,000 "
22/01/2021,John,Boozman,US Senator,HES,Hess Corp,8000,Sell,"Traded $1,001 to $15,000 "
22/01/2021,John,Boozman,US Senator,HON,Honeywell Inte,8000,Sell,"Traded $1,001 to $15,000 "
22/01/2021,John,Boozman,US Senator,HPQ,HP Inc,8000,Sell,"Traded $1,001 to $15,000 "
22/01/2021,John,Boozman,US Senator,INTC,Intel Corp,8000,Sell,"Traded $1,001 to $15,000 "
22/01/2021,John,Boozman,US Senator,QQQ,Nasdaq QQQ Inv,8000,Sell,"Traded $1,001 to $15,000 "
22/01/2021,John,Boozman,US Senator,IQV,Iqvia Holdings,8000,Sell,"Traded $1,001 to $15,000 "
22/01/2021,John,Boozman,US Senator,JPM,JP Morgan Chas,8000,Sell,"Traded $1,001 to $15,000 ."
22/01/2021,John,Boozman,US Senator,JNJ,Johnson & John,8000,Sell,"Traded $1,001 to $15,000 "
22/01/2021,John,Boozman,US Senator,KMB,Kimberly-Clark,8000,Sell,"Traded $1,001 to $15,000 "
22/01/2021,John,Boozman,US Senator,LRCX,Lam Research C,8000,Sell,"Traded $1,001 to $15,000 ."
22/01/2021,John,Boozman,US Senator,LOW,Lowe's Compani,8000,Sell,"Traded $1,001 to $15,000 ."
22/01/2021,John,Boozman,US Senator,MU,Micron Technol,8000,Sell,"Traded $1,001 to $15,000 "
22/01/2021,John,Boozman,US Senator,MDLZ,Mondelez Intl ,8000,Sell,"Traded $1,001 to $15,000 "
22/01/2021,John,Boozman,US Senator,PFE,Pfizer Inc,8000,Sell,"Traded $1,001 to $15,000 "
22/01/2021,John,Boozman,US Senator,PG,Procter & Gamb,8000,Sell,"Traded $1,001 to $15,000 "
22/01/2021,John,Boozman,US Senator,TRV,The Travelers ,8000,Sell,"Traded $1,001 to $15,000 "
22/01/2021,John,Boozman,US Senator,UNP,Union Pacific ,8000,Sell,"Traded $1,001 to $15,000 "
22/01/2021,John,Boozman,US Senator,VZ,Verizon Commun,8000,Sell,"Traded $1,001 to $15,000 "
22/01/2021,John,Boozman,US Senator,ESGD,EAFE ESG Optim,8000,Sell,"Traded $1,001 to $15,000 "
22/01/2021,John,Boozman,US Senator,SCHP,Schwab U.S. TI,32500,Sell,"Traded $15,001 to $50,000 "
22/01/2021,John,Boozman,US Senator,MDYG,S&P Midcap Gro,75000,Sell,"Traded $50,001 to $100,000 "
25/01/2021,Thomas,Carper,US Senator,VIAV,Viavi Solution,8000,Sell,"By Spouse. Traded $1,001 To $15,000 "
25/01/2021,Thomas,Carper,US Senator,EVOP,Evo Payments I,8000,Sell,"By Spouse. Traded $1,001 To $15,000 "
26/01/2021,Thomas,Carper,US Senator,AQN,Algonquin Pwr ,8000,Buy,"By Spouse. Traded $1,001 To $15,000 "
26/01/2021,William Francis,Hagerty,US Senator,VRM,Vroom Inc,8000,Buy,"Traded $1,001 to $15,000 ."
26/01/2021,Thomas,Carper,US Senator,PBA,Pembina Pipeli,8000,Sell,"By Spouse. Traded $1,001 To $15,000 "
27/01/2021,Patrick,Toomey,US Senator,GME,Gamestop Corp,8000,Buy,"By Minor Child. Traded $1,001 To $15,000 "
27/01/2021,Ronald,Wyden,US Senator,KLAC,K L A-Tencor C,24002,Buy,"By Dependent Children. Traded $3,003 To $45,000 ."
27/01/2021,Ronald,Wyden,US Senator,DIS,Walt Disney Co,24002,Buy,"By Dependent Children. Traded $3,003 To $45,000 ."
27/01/2021,Ronald,Wyden,US Senator,AAPL,Apple Inc,24002,Buy,"By Dependent Children. Traded $3,003 To $45,000 ."
27/01/2021,Gerald,Moran,US Senator,COST,Costco Wholesa,16001,Sell,"By Spouse And Politician. Traded $2,001 To $30,000 "
27/01/2021,Patrick,Toomey,US Senator,TSLA,Tesla Inc,8000,Sell,"By Minor Child. Traded $1,001 To $15,000 "
27/01/2021,Patrick,Toomey,US Senator,SHOP,Shopify Inc,8000,Sell,"By Minor Child. Traded $1,001 To $15,000 "
27/01/2021,Thomas,Carper,US Senator,DD,Dupont Denemou,32500,Sell,"By Spouse. Traded $15,001 To $50,000 "
28/01/2021,Patrick,Toomey,US Senator,GME,Gamestop Corp,8000,Sell,"By Minor Child. Traded $1,001 To $15,000 "
02/02/2021,Thomas,Tuberville,US Senator,CSX,CSX Corp,8000,Sell,"Sale Of Put Options With Strike Price $80.00 And 08/20/2021. Traded $1,001 To $15.000 As We Don't Have A Price We Have Stated An Amount Of 1 And Valued At The Midpoint."
02/02/2021,Thomas,Tuberville,US Senator,SSYS,Stratasys Ltd,16000,Sell,"Sale Of Put Options With Strike Price $45.00 And Expiry 09/17/2021. Traded $2.001 To $30,000, As We Don't Have A Price We Have Stated An Amount Of 1 And Valued At The Midpoint."
08/02/2021,Shelley,Capito,US Senator,CSCO,Cisco Systems ,8000,Sell,"By Spouse. Traded $1,001 to $15,000 "
08/02/2021,Thomas,Tuberville,US Senator,F,Ford Motor Com,8000,Sell,"Traded $1,001 to $15,000 "
09/02/2021,Patrick,Toomey,US Senator,PENN,Penn Entertain,8000,Buy,"By Child. Traded $1,001 To $15,000 ."
09/02/2021,Thomas,Tuberville,US Senator,VEEV,Veeva Systems ,8000,Buy,"Purchase Of Put Options With Strike Price $240.00 And Expiry 03/19/2021. Traded $1.001 To $15,000, As We Don't Have A Price We Have Stated An Amount Of 1 And Valued At The Midpoint."
10/02/2021,Thomas,Tuberville,US Senator,ECOM,Channeladvisor,73000,Buy,"Traded $31,001 to $115,000 "
10/02/2021,Thomas,Tuberville,US Senator,ECOM,Channeladvisor,32000,Sell,"Sale Of Put Options With Strike Price $25.00 And Expiry 09/17/2021. Traded $4,001 To $60,000 , As We Don't Have A Price We Have Stated An Amount Of 1 And Valued At The Midpoint."
10/02/2021,Thomas,Tuberville,US Senator,ECOM,Channeladvisor,8000,Sell,"Sale Of Call Options With Strike Price $30.00 And Expiry 09/17/2021. Traded $1,001 To $15,000 , As We Don't Have A Price We Have Stated An Amount Of 1 And Valued At The Midpoint."
11/02/2021,Thomas,Tuberville,US Senator,ECOM,Channeladvisor,8000,Sell,"Sale Of Call Options With Strike Price $30.00 And Expiry 09/17/2021. Traded $1,001 To $15,000 , As We Don't Have A Price We Have Stated An Amount Of 1 And Valued At The Midpoint."
12/02/2021,John,Hickenlooper,US Senator,CARG,Cargurus Inc C,8000,Buy,"By Spouse. Traded $1,001 to $15,000 "
12/02/2021,Thomas,Carper,US Senator,EEM,Emrg Mkts Isha,8000,Sell,"By Spouse. Traded $1,001 To $15,000 ."
12/02/2021,Thomas,Carper,US Senator,FEMS,Emrg Mkts Smal,8000,Sell,"By Spouse. Traded $1,001 to $15,000 "
12/02/2021,Thomas,Carper,US Senator,GGSM,Gold and Gemst,8000,Sell,"By Spouse. Traded $1,001 To $15,000 ."
16/02/2021,Thomas,Carper,US Senator,INTC,Intel Corp,8000,Buy,"By Spouse. Traded $1,001 To $15,000 ."
16/02/2021,Thomas,Tuberville,US Senator,OXY,Occidental Pet,32500,Buy,"Traded $15,001 to $50,000 "
18/02/2021,John,Hickenlooper,US Senator,CCCS,CCC Intelligen,8000,Buy,"By Spouse. Traded $1,001 to $15,000 "
19/02/2021,Thomas,Tuberville,US Senator,ADBE,Adobe Systems ,8000,Sell,"Sale Of Put Options With Strike Price $405.00 And Expiry 06/18/2021 .Traded $1,001 To $15,000 As We Don't Have A Price We Have Stated An Amount Of 1 And Valued At The Midpoint."
22/02/2021,John,Boozman,US Senator,TLT,20+ Year Treas,8000,Buy,"Traded $1,001 to $15,000 ."
22/02/2021,John,Boozman,US Senator,TLH,10-20 Year Tre,8000,Buy,"Traded $1,001 to $15,000 "
22/02/2021,John,Boozman,US Senator,GBIL,GS Treasuryacc,32500,Sell,"Traded $15,001 to $50,000 "
23/02/2021,Shelley,Capito,US Senator,UBSI,United Bkshs I,75000,Buy,"By Spouse. Traded $50,001 To $100,000 "
23/02/2021,Shelley,Capito,US Senator,EV,Mast Global Ba,8000,Sell,"By Spouse. Traded $1,001 to $15,000 "
26/02/2021,Ronald,Wyden,US Senator,STX,Seagate Techno,8000,Buy,"By Spouse. Traded $1,001 To $15,000 ."
26/02/2021,Ronald,Wyden,US Senator,KLAC,K L A-Tencor C,8000,Buy,"By Spouse. Traded $1,001 To $15,000 ."
26/02/2021,Ronald,Wyden,US Senator,AMAT,Applied Materi,8000,Buy,"By Spouse. Traded $1,001 to $15,000 ."
02/03/2021,Thomas,Tuberville,US Senator,MSFT,Microsoft Corp,8000,Buy,"Purchase Of Put Options With Strike Price $185.00 And Expiry 04/16/2021 .Traded $1,001 To $15,000 As We Don't Have A Price We Have Stated An Amount Of 1 And Valued At The Midpoint."
03/03/2021,Shelley,Capito,US Senator,UBSI,United Bkshs I,175000,Buy,"By Spouse. Traded $100,001 To $250,000 ."
04/03/2021,Ronald,Wyden,US Senator,STX,Seagate Techno,8000,Buy,"By Spouse. Traded $1,001 to $15,000 ."
04/03/2021,Ronald,Wyden,US Senator,AVGO,Broadcom Ltd,8000,Buy,"By Spouse. Traded $1,001 to $15,000 "
05/03/2021,Ronald,Wyden,US Senator,STX,Seagate Techno,8000,Buy,"By Spouse. Traded $1,001 to $15,000 ."
05/03/2021,Daniel,Sullivan,US Senator,RPM,RPM Internatio,32500,Sell,"Shares Sold As Part Of A Long-Term Portfolio Diversification Strategy. Traded $15,001 To $50,000 ."
09/03/2021,Shelley,Capito,US Senator,BLK,Blackrock Inc,8000,Buy,"By Spouse. Traded $1,001 To $15,000 ."
09/03/2021,Shelley,Capito,US Senator,JPM,JP Morgan Chas,8000,Buy,"By Spouse. Traded $1,001 To $15,000 "
09/03/2021,Shelley,Capito,US Senator,USB,U.S. Bancorp,8000,Buy,"By Spouse. Traded $1,001 To $15,000 ."
11/03/2021,Thomas,Tuberville,US Senator,ADP,Automatic Data,8000,Sell,"Sale Of Put Options With Strike Price $175.00 And Expiry 08/20/2021 .Traded $1,001 To $15,000 As We Don't Have A Price We Have Stated An Amount Of 1 And Valued At The Midpoint."
12/03/2021,Thomas,Tuberville,US Senator,CLF,Cleveland-Clif,32500,Buy,"Traded $15,001 To $50,000 ."
12/03/2021,Thomas,Tuberville,US Senator,CLF,Cleveland-Clif,8000,Sell,"Sale Of  Put Options With At A Strike Price Of $16.00 And Expiry 07/16/2021.Traded $1,001 To $15,000 As We Don't Have A Price We Have Stated An Amount Of 1 And Valued At The Midpoint."
12/03/2021,Thomas,Tuberville,US Senator,CLF,Cleveland-Clif,8000,Sell,"Sale Of Call Options With At A Strike Price Of $20.00 And Expiry 07/16/2021.Traded $1,001 To $15,000 As We Don't Have A Price We Have Stated An Amount Of 1 And Valued At The Midpoint."
15/03/2021,John,Hickenlooper,US Senator,LSXMA,Liberty Media ,175000,Exercise,"By Spouse. Traded $100,001 To $250,000 ."
15/03/2021,John,Hickenlooper,US Senator,LBRDK,Liberty Broadb,75000,Exercise,"USO,USO. By Spouse. Traded $50,001 To $100,000 "
15/03/2021,John,Hickenlooper,US Senator,LBRDK,Liberty Broadb,175000,Sell,"By Spouse.Traded $100,001 to $250,000 "
15/03/2021,John,Hickenlooper,US Senator,LSXMK,Liberty Media ,375000,Sell,"By Spouse. Traded $100,001 To $250,000 ."
16/03/2021,Thomas,Tuberville,US Senator,AA,Alcoa Corp,183000,Buy,"Traded $101,001 To $265,000 "
16/03/2021,Thomas,Tuberville,US Senator,AA,Alcoa Corp,32500,Sell,"Sale Of Call Options With Strike Price $26.00 And Expiry 10/15/2021 .Traded $15,001 To $50,000 As We Don't Have A Price We Have Stated An Amount Of 1 And Valued At The Midpoint."
16/03/2021,Thomas,Tuberville,US Senator,AA,Alcoa Corp,32500,Sell,"Sale Of Put Options With Strike Price $25.00 And Expiry 10/15/2021 .Traded $15,001 To $50,000 As We Don't Have A Price We Have Stated An Amount Of 1 And Valued At The Midpoint."
24/03/2021,John,Boozman,US Senator,IEF,7-10 Year Trea,8000,Buy,"Traded $1,001 to $15,000 "
24/03/2021,Shelley,Capito,US Senator,WFC,Wells Fargo & ,32500,Buy,"By Spouse. Traded $15,001 To $50,000 ."
24/03/2021,John,Boozman,US Senator,GBIL,GS Treasuryacc,8000,Sell,"Traded $1,001 to $15,000 "
25/03/2021,Shelley,Capito,US Senator,C,Citigroup Inc,8000,Sell,"By Spouse. Traded $1,001 to $15,000 "
26/03/2021,William Francis,Hagerty,US Senator,LVNTB,Liberty Intera,32500,Buy,"Traded $15,001 to $50,000 "
28/03/2021,Thomas,Tuberville,US Senator,JNJ,Johnson & John,8000,Sell,"Traded $1,001 to $15,000 "
29/03/2021,Thomas,Tuberville,US Senator,ALGN,Align Technolo,8000,Buy,"Traded $1,001 to $15,000 "
29/03/2021,Thomas,Tuberville,US Senator,AME,Ametek Inc,8000,Buy,"Traded $1,001 to $15,000 ."
29/03/2021,Thomas,Tuberville,US Senator,ATHM,Autohome Inc A,8000,Buy,"Traded $1,001 to $15,000 "
29/03/2021,Thomas,Tuberville,US Senator,BIO,Bio-Rad Labora,8000,Buy,"Traded $1,001 to $15,000 "
29/03/2021,Thomas,Tuberville,US Senator,CE,Celanese Corp,8000,Buy,"Traded $1,001 to $15,000 "
29/03/2021,Thomas,Tuberville,US Senator,CHE,Chemed Inc,8000,Buy,"Traded $1,001 to $15,000 "
29/03/2021,Thomas,Tuberville,US Senator,CLX,Clorox Company,8000,Buy,"Traded $1,001 to $15,000 "
29/03/2021,Thomas,Tuberville,US Senator,CNR,Cornerstone Bu,8000,Buy,"Traded $1,001 to $15,000 "
29/03/2021,Thomas,Tuberville,US Senator,DECK,Deckers Outdoo,8000,Buy,"Traded $1,001 to $15,000 "
29/03/2021,Thomas,Tuberville,US Senator,DGX,Quest Diagnost,8000,Buy,"Traded $1,001 to $15,000 "
29/03/2021,Thomas,Tuberville,US Senator,EW,Edwards Lifesc,8000,Buy,"Traded $1,001 to $15,000 "
29/03/2021,Thomas,Tuberville,US Senator,GGG,Graco Inc,8000,Buy,"Traded $1,001 to $15,000 "
29/03/2021,Thomas,Tuberville,US Senator,GNTX,Gentex Corp,8000,Buy,"Traded $1,001 to $15,000 "
29/03/2021,Thomas,Tuberville,US Senator,GOOGL,Alphabet Cl A,8000,Buy,"Traded $1,001 to $15,000 "
29/03/2021,Thomas,Tuberville,US Senator,HSY,Hershey Foods ,8000,Buy,"Traded $1,001 to $15,000 "
29/03/2021,Thomas,Tuberville,US Senator,IDXX,Idexx Laborato,8000,Buy,"Traded $1,001 to $15,000 "
29/03/2021,Thomas,Tuberville,US Senator,IEX,Idex Corp,16000,Buy,"Traded $2,001 To $30,000 "
29/03/2021,Thomas,Tuberville,US Senator,MMM,3M Company,8000,Buy,"Traded $1,001 to $15,000 "
29/03/2021,Thomas,Tuberville,US Senator,ODFL,Old Dominion F,8000,Buy,"Traded $1,001 to $15,000 "
29/03/2021,Thomas,Tuberville,US Senator,PYPL,Paypal Holding,8000,Buy,"Traded $1,001 to $15,000 "
29/03/2021,Thomas,Tuberville,US Senator,QCOM,Qualcomm Inc,8000,Buy,"Traded $1,001 to $15,000 "
29/03/2021,Thomas,Tuberville,US Senator,REGN,Regeneron Phar,8000,Buy,"Traded $1,001 to $15,000 "
29/03/2021,Thomas,Tuberville,US Senator,ROK,Rockwell Autom,8000,Buy,"Traded $1,001 to $15,000 "
29/03/2021,Thomas,Tuberville,US Senator,SEIC,Sei Investment,8000,Buy,"Traded $1,001 to $15,000 "
29/03/2021,Thomas,Tuberville,US Senator,SIVBQ,Svb Financial ,8000,Buy,"Traded $1,001 to $15,000 ."
29/03/2021,Thomas,Tuberville,US Senator,SNA,Snap-On Inc,8000,Buy,"Traded $1,001 to $15,000 "
29/03/2021,Thomas,Tuberville,US Senator,TER,Teradyne Inc,8000,Buy,"Traded $1,001 to $15,000 "
29/03/2021,Thomas,Tuberville,US Senator,VMW,Vmware Inc,8000,Buy,"Traded $1,001 to $15,000 ."
29/03/2021,Thomas,Tuberville,US Senator,WAL,Western Allian,8000,Buy,"Traded $1,001 to $15,000 ."
29/03/2021,Thomas,Tuberville,US Senator,WAT,Waters Corp,8000,Buy,"Traded $1,001 to $15,000 "
29/03/2021,Thomas,Tuberville,US Senator,WST,West Pharmaceu,8000,Buy,"Traded $1,001 to $15,000 "
29/03/2021,Thomas,Tuberville,US Senator,SWKS,Skyworks Solut,8000,Buy,"Traded $1,001 to $15,000 ."
29/03/2021,Thomas,Tuberville,US Senator,EA,Electronic Art,8000,Sell,"Traded $1,001 to $15,000 "
29/03/2021,Thomas,Tuberville,US Senator,EBAY,Ebay Inc,8000,Sell,"Traded $1,001 to $15,000 ."
29/03/2021,Thomas,Tuberville,US Senator,FTNT,Fortinet Inc,8000,Sell,"Traded $1,001 to $15,000 "
29/03/2021,Thomas,Tuberville,US Senator,HON,Honeywell Inte,8000,Sell,"Traded $1,001 to $15,000 ."
29/03/2021,Thomas,Tuberville,US Senator,INTU,Intuit Inc,8000,Sell,"Traded $1,001 to $15,000 "
29/03/2021,Thomas,Tuberville,US Senator,MRK,Merck & Compan,8000,Sell,"Traded $1,001 to $15,000 "
29/03/2021,Thomas,Tuberville,US Senator,NDSN,Nordson Corp,8000,Sell,"Traded $1,001 to $15,000 "
29/03/2021,Thomas,Tuberville,US Senator,NTES,Netease Inc AD,8000,Sell,"Traded $1,001 to $15,000 ."
30/03/2021,Ronald,Wyden,US Senator,AVGO,Broadcom Ltd,8000,Sell,"By Spouse. Traded $1,001 to $15,000 "
01/04/2021,Ronald,Wyden,US Senator,MTCH,Match Group In,32500,Buy,"By Spouse. Traded $15,001 To $50,000 "
05/04/2021,Thomas,Tuberville,US Senator,EA,Electronic Art,8000,Buy,"Purchase Of Put Options With Strike Price $115.00 And Expiry 06/18/2021. Traded $1,001 To $15,000 , As We Don't Have A Price We Have Stated An Amount Of 1 And Valued At The Midpoint."
05/04/2021,Ladda,Duckworth,US Senator,VZ,Verizon Commun,32500,Sell,"Traded $15,001 to $50,000 "
05/04/2021,Ladda,Duckworth,US Senator,ITW,Illinois Tool ,8000,Sell,"Traded $1,001 to $15,000 "
05/04/2021,Ladda,Duckworth,US Senator,DIS,Walt Disney Co,8000,Sell,"Traded $1,001 to $15,000 "
05/04/2021,Thomas,Tuberville,US Senator,INTC,Intel Corp,8000,Sell,"Sale Of Put Options With Strike Price $60.00 And Expiry 10/15/2021. Traded $1,001 To $15,000, As We Don't Have A Price We Have Stated An Amount Of 1 And Valued At The Midpoint."
06/04/2021,Ronald,Wyden,US Senator,AMAT,Applied Materi,175000,Sell,"By Spouse. Traded $100,001 To $250,000 ."
06/04/2021,Ronald,Wyden,US Senator,STZ,Constellation ,175000,Sell,"By Spouse. Traded $100,001 To $250,000 ."
06/04/2021,Ronald,Wyden,US Senator,AVGO,Broadcom Ltd,175000,Sell,"By Spouse. Traded $100,001 To $250,000 ."
06/04/2021,Ronald,Wyden,US Senator,INTC,Intel Corp,32500,Sell,"By Spouse. Traded $15,001 To $50,000 "
06/04/2021,Ronald,Wyden,US Senator,KLAC,K L A-Tencor C,199002,Sell,"By Spouse And Children. Traded $103,004 To $295,000 ."
07/04/2021,Thomas,Tuberville,US Senator,OXY,Occidental Pet,75000,Buy,"Traded $50,001 to $100,000 "
07/04/2021,Thomas,Tuberville,US Senator,CALX,Calix Inc,8000,Sell,"Sale Of Put Options With Strike Price $40.00 And Expiry 10/15/2021 .Traded $1,001 To $15,000 As We Don't Have A Price We Have Stated An Amount Of 1 And Valued At The Midpoint."
08/04/2021,Thomas,Tuberville,US Senator,CALX,Calix Inc,8000,Sell,"Sale Of Put Options With Strike Price $40.00 And Expiry 01/21/2022 .Traded $1,001 To $15,000 As We Don't Have A Price We Have Stated An Amount Of 1 And Valued At The Midpoint."
12/04/2021,Thomas,Tuberville,US Senator,SSYS,Stratasys Ltd,8000,Sell,"Sale Of Put Options With Strike Price $22.50 And Expiry 01/21/2022. Traded $1.001 To $15,000, As We Don't Have A Price We Have Stated An Amount Of 1 And Valued At The Midpoint."
13/04/2021,Thomas,Carper,US Senator,TRIT,Triterras Inc ,8000,Buy,"By Spouse. Traded $1,001 to $15,000 "
13/04/2021,Thomas,Carper,US Senator,GAN,Gan Ltd,8000,Sell,"By Spouse. Traded $1,001 to $15,000 "
13/04/2021,Thomas,Carper,US Senator,NUAN,Nuance Communi,8000,Sell,"By Spouse. Traded $1,001 to $15,000 "
14/04/2021,Thomas,Tuberville,US Senator,FCX,Freeport-Mcmor,32500,Sell,"Traded $15,001 to $50,000 "
14/04/2021,Thomas,Tuberville,US Senator,ADBE,Adobe Systems ,8000,Sell,"Sale Of Put Options With Strike Price $400.00 And Expiry 01/21/2022 .Traded $1,001 To $15,000 As We Don't Have A Price We Have Stated An Amount Of 1 And Valued At The Midpoint."
15/04/2021,Gary,Peters,US Senator,VPU,Utilities ETF ,8000,Buy,"Traded $1,001 to $15,000 "
16/04/2021,Ronald,Wyden,US Senator,KLAC,K L A-Tencor C,75000,Sell,"By Spouse. Traded $50,001 To $100,000 "
16/04/2021,Ronald,Wyden,US Senator,AMAT,Applied Materi,75000,Sell,"By Spouse. Traded $50,001 To $100,000 ."
16/04/2021,Thomas,Tuberville,US Senator,ECOM,Channeladvisor,8000,Sell,"Sale Of Call Options With Strike Price $30.00 And Expiry 12/17/2021. Traded $1,001 To $15,000 , As We Don't Have A Price We Have Stated An Amount Of 1 And Valued At The Midpoint."
19/04/2021,Thomas,Tuberville,US Senator,CLF,Cleveland-Clif,32500,Buy,"Traded $15,001 To $50,000 ."
19/04/2021,Thomas,Tuberville,US Senator,ECOM,Channeladvisor,8000,Sell,"Sale Of Put Options With Strike Price $25.00 And Expiry 09/17/2021. Traded $1,001 To $15,000 , As We Don't Have A Price We Have Stated An Amount Of 1 And Valued At The Midpoint."
19/04/2021,Thomas,Tuberville,US Senator,ECOM,Channeladvisor,32500,Sell,"Sale Of Call Options With Strike Price $20.00 And Expiry 01/21/2022. Traded $15,001 To $50,000 , As We Don't Have A Price We Have Stated An Amount Of 1 And Valued At The Midpoint."
19/04/2021,Thomas,Tuberville,US Senator,CLF,Cleveland-Clif,32500,Sell,"Sale Of Call Options With At A Strike Price Of $20.00 And Expiry 01/21/2022.Traded $15,001 To $50,000 As We Don't Have A Price We Have Stated An Amount Of 1 And Valued At The Midpoint."
19/04/2021,Thomas,Tuberville,US Senator,CLF,Cleveland-Clif,32500,Sell,"Sale Of Put Options With At A Strike Price Of $17.00 And Expiry 01/21/2022.Traded $15,001 To $50,000 As We Don't Have A Price We Have Stated An Amount Of 1 And Valued At The Midpoint."
19/04/2021,Thomas,Tuberville,US Senator,AA,Alcoa Corp,75000,Sell,"Traded $50,001 to $100,000 "
20/04/2021,Thomas,Tuberville,US Senator,MSFT,Microsoft Corp,8000,Buy,"Purchase Of Put Options With Strike Price $205.00 And Expiry 07/16/2021. Traded $1,001 To $15,000, As We Don't Have A Price We Have Stated An Amount Of 1 And Valued At The Midpoint."
20/04/2021,Thomas,Tuberville,US Senator,META,Meta Platforms,8000,Buy,"Purchase Of Put Options With Strike Price $225.00 And Expiry 07/16/2021. Traded $1,001 To $15,000 , As We Don't Have A Price We Have Stated An Amount Of 1 And Valued At The Midpoint."
20/04/2021,William Francis,Hagerty,US Senator,NTRA,Natera Inc,8000,Sell,"Traded $1,001 to $15,000 "
21/04/2021,Thomas,Tuberville,US Senator,CSX,CSX Corp,8000,Buy,"Purchase Of Put Options With Strike Price $80.00 And 08/20/2021. Traded $1,001 To $15.000 As We Don't Have A Price We Have Stated An Amount Of 1 And Valued At The Midpoint."
21/04/2021,Thomas,Tuberville,US Senator,ECOM,Channeladvisor,8000,Sell,"Sale Of Call Options With Strike Price $30.00 And Expiry 12/17/2021. Traded $1,001 To $15,000 , As We Don't Have A Price We Have Stated An Amount Of 1 And Valued At The Midpoint."
22/04/2021,John,Boozman,US Senator,IWM,Russell 2000 I,8000,Sell,"Traded $1,001 to $15,000 "
26/04/2021,Shelley,Capito,US Senator,WFC,Wells Fargo & ,8000,Sell,"By Spouse. Traded $1,001 To $15,000 "
26/04/2021,Thomas,Tuberville,US Senator,QQQ,Nasdaq QQQ Inv,8000,Sell,"Sale Of Put Options With Strike Price $285.00 And Expiry 03/18/2022. Traded $1.001 To $15,000, As We Don't Have A Price We Have Stated An Amount Of 1 And Valued At The Midpoint."
27/04/2021,Thomas,Tuberville,US Senator,CALX,Calix Inc,24000,Sell,"Sale Of Put Options With Strike Price $40.00 And Expiry 01/21/22 . Traded $3,001 To $45,000 As We Don't Have A Price We Have Stated An Amount Of 1 And Valued At The Midpoint."
28/04/2021,Richard,Burr,US Senator,USB,U.S. Bancorp,75000,Sell,"By Spouse. Traded $50,001 To $100,000 ."
28/04/2021,Richard,Burr,US Senator,MET,Metlife Inc,75000,Sell,"By Spouse. Traded $50,001 To $100,000 "
28/04/2021,Richard,Burr,US Senator,EPD,Enterprise Pro,40501,Sell,"By Director And Spouse. Traded $16,002 To $65,000 "
28/04/2021,Sheldon,Whitehouse,US Senator,INTC,Intel Corp,32500,Sell,"Traded $15,001 to $50,000 "
30/04/2021,Richard,Burr,US Senator,EPD,Enterprise Pro,75000,Sell,"Traded $50,001 to $100,000 "
03/05/2021,Thomas,Tuberville,US Senator,WMT,Walmart Inc,8000,Sell,N/A
04/05/2021,John,Hickenlooper,US Senator,PTON,Peloton Intera,8000,Buy,"Traded $1,001 to $15,000 "
04/05/2021,Thomas,Tuberville,US Senator,EBAY,Ebay Inc,32002,Buy,"By Director And Spouse. Traded $4,004 To $60,000 ."
06/05/2021,Thomas,Tuberville,US Senator,X,United States ,175000,Buy,"Traded $100,001 to $250,000 "
06/05/2021,Richard,Blumenthal,US Senator,PLAN,Anaplan Inc,32500,Sell,"By Spouse. Traded $15,001 To $50,000 "
06/05/2021,Richard,Blumenthal,US Senator,LYV,Live Nation En,32500,Sell,"By Spouse. Traded $15,001 To $50,000 "
06/05/2021,Richard,Blumenthal,US Senator,SQ,Block Inc,32500,Sell,"By Spouse. Traded $15,001 To $50,000 "
06/05/2021,Richard,Blumenthal,US Senator,TSLA,Tesla Inc,75000,Sell,"By Spouse. Traded $50,001 To $100,000 "
06/05/2021,Richard,Blumenthal,US Senator,UBER,Uber Technolog,75000,Sell,"By Spouse. Traded $50,001 To $100,000 "
06/05/2021,Richard,Blumenthal,US Senator,ZG,Zillow Grp Inc,32500,Sell,"By Spouse. Traded $15,001 To $50,000 "
06/05/2021,Thomas,Tuberville,US Senator,X,United States ,32000,Sell,"Sale Of Call Options With Strike Price $29.00 And Expiry 10/15/2021 .Traded $4,001 To $60,000 As We Don't Have A Price We Have Stated An Amount Of 1 And Valued At The Midpoint."
06/05/2021,Thomas,Tuberville,US Senator,X,United States ,32500,Sell,"Sale Of Put Options With Strike Price $24.00 And Expiry 10/15/2021 .Traded $15,001 To $50,000 As We Don't Have A Price We Have Stated An Amount Of 1 And Valued At The Midpoint."
10/05/2021,John,Hickenlooper,US Senator,TTD,Trade Desk Inc,32500,Buy,"Traded $15,001 to $50,000 "
10/05/2021,John,Hickenlooper,US Senator,QRTEA,Qurate Retail ,375000,Exercise,"Unknown Share Option Scheme. By Spouse. Traded $250,001 To $500,000 "
10/05/2021,John,Hickenlooper,US Senator,QRTEA,Qurate Retail ,175000,Sell,"Traded $100,001 to $250,000 "
10/05/2021,Richard,Blumenthal,US Senator,EXPE,Expedia Group ,32500,Sell,"By Soiyse, Traded $15,001 To $50,000 "
10/05/2021,Shelley,Capito,US Senator,WFC,Wells Fargo & ,8000,Sell,"By Spouse. Traded $1,001 to $15,000 "
10/05/2021,Thomas,Tuberville,US Senator,FCX,Freeport-Mcmor,8000,Sell,"Traded $1,001 to $15,000 "
13/05/2021,John,Hickenlooper,US Senator,LBRDK,Liberty Broadb,40501,Exercise,"Unknown Share Option Scheme. By Spouse. Traded $16,001 to $65,000 "
15/05/2021,Richard,Blumenthal,US Senator,PTON,Peloton Intera,32500,Sell,"By Spouse. Traded $15,001 To $50,000 "
19/05/2021,John,Hickenlooper,US Senator,CMG,Chipotle Mexic,175000,Sell,"Traded $100,001 to $250,000 ."
24/05/2021,Thomas,Tuberville,US Senator,FCX,Freeport-Mcmor,8000,Sell,"Traded $1,001 to $15,000 "
25/05/2021,Gary,Peters,US Senator,SPG,Simon Property,8000,Buy,"Traded $1,001 to $15,000 "
25/05/2021,Richard,Blumenthal,US Senator,DIS,Walt Disney Co,75000,Sell,"By Spouse. Traded $50,001 To $100,000 "
25/05/2021,Shelley,Capito,US Senator,T,AT&T Inc,8000,Sell,"By Spouse. Traded $1,001 to $15,000 "
27/05/2021,Gary,Peters,US Senator,FSK,FS KKR Capital,8000,Buy,"Traded $1,001 to $15,000 ."
01/06/2021,Thomas,Tuberville,US Senator,QCOM,Qualcomm Inc,8000,Sell,Sale Of Put Options With Strike Price $130.00 And Expiry 06/17/2022
04/06/2021,Thomas,Carper,US Senator,APO,Apollo Asset M,8000,Buy,"By Spouse.Traded $1,001 To $15,000 ."
04/06/2021,Thomas,Carper,US Senator,TOT.TO,Total Energy S,8000,Buy,"By Spouse.Traded $1,001 to $15,000 "
04/06/2021,Thomas,Carper,US Senator,MCD,McDonald's Cor,8000,Sell,"By Spouse.Traded $1,001 To $15,000 ."
04/06/2021,Thomas,Carper,US Senator,LHX,L3Harris Techn,8000,Sell,"By Spouse.Traded $1,001 To $15,000 ."
04/06/2021,Thomas,Carper,US Senator,IRM,Iron Mountain ,8000,Sell,"By Spouse.Traded $1,001 To $15,000 ."
04/06/2021,Thomas,Carper,US Senator,ETN,Eaton Corp,8000,Sell,"By Spouse.Traded $1,001 To $15,000 ."
04/06/2021,Thomas,Carper,US Senator,MANT,Mantech Intl C,8000,Sell,"By Spouse.Traded $1,001 To $15,000 ."
04/06/2021,Thomas,Carper,US Senator,AXS,Axis Capital H,8000,Sell,"By Spouse.Traded $1,001 To $15,000 ."
04/06/2021,Thomas,Carper,US Senator,NVDA,Nvidia Corp,8,Sell,"By Spouse. Traded $1,001 to $15,000 "
04/06/2021,Thomas,Carper,US Senator,SBUX,Starbucks Corp,8000,Sell,"By Spouse. Traded $1,001 to $15,000 "
07/06/2021,Gary,Peters,US Senator,JNPR,Juniper Networ,8000,Buy,"Traded $1,001 to $15,000 "
07/06/2021,Thomas,Tuberville,US Senator,F,Ford Motor Com,8000,Buy,Purchase Of Put Options With Strike Price $11.00 And Expiry 09/27/2021.
08/06/2021,William Francis,Hagerty,US Senator,BA,Boeing Company,8000,Buy,"Traded $1,001 to $15,000 "
10/06/2021,John,Boozman,US Senator,GBIL,GS Treasuryacc,8000,Buy,"Traded $1,001 to $15,000 "
10/06/2021,John,Boozman,US Senator,TLT,20+ Year Treas,8000,Sell,"Traded $1,001 to $15,000 ."
10/06/2021,John,Boozman,US Senator,GBIL,GS Treasuryacc,8000,Sell,"Traded $1,001 to $15,000 "
16/06/2021,Mark,Warner,US Senator,ABOS,Acumen Pharmac,32500,Buy,"Traded $15,001 To $50,000 ."
21/06/2021,Shelley,Capito,US Senator,WFC,Wells Fargo & ,8000,Sell,"By Spouse, Traded $1,001 To $15,000 "
23/06/2021,Shelley,Capito,US Senator,AAPL,Apple Inc,8000,Buy,"By Spouse, Traded $1,001 To $15,000 ."
23/06/2021,Shelley,Capito,US Senator,JPM,JP Morgan Chas,8000,Buy,"By Spouse, Traded $1,001 To $15,000 "
23/06/2021,Thomas,Tuberville,US Senator,AAPL,Apple Inc,8000,Sell,Sale Of Put Options With Strike Price $102.50 And Expiry 06/17/2022.
23/06/2021,Thomas,Tuberville,US Senator,MSFT,Microsoft Corp,8000,Sell,"Sale Of Put Options With Strike Price $210.00 And Expiry 03/18/2022. Traded $1,001 To $15,000 As We Don't Have A Price We Have Stated An Amount Of 1 And Valued At The Midpoint."
24/06/2021,Angus,King,US Senator,TMO,Thermo Fisher ,8000,Buy,"By Spouse. Traded $1,001 to $15,000 "
24/06/2021,Shelley,Capito,US Senator,USB,U.S. Bancorp,8000,Buy,"By Spouse, Traded $1,001 To $15,000 ."
28/06/2021,John,Hickenlooper,US Senator,OGN,Organon & Co.,8000,Sell,"Traded $1,001 to $15,000 "
29/06/2021,John,Boozman,US Senator,JMBS,Janus Mortgage,8000,Buy,"Traded $1,001 to $15,000 "
29/06/2021,Thomas,Carper,US Senator,VSH,Vishay Interte,8,Buy,"By Spouse.Traded $1,001 to $15,000 "
29/06/2021,Thomas,Carper,US Senator,TRIT,Triterras Inc ,8000,Buy,"By Spouse.Traded $1,001 to $15,000 "
29/06/2021,Thomas,Carper,US Senator,RAMP,Liveramp Holdi,8000,Buy,"By Spouse.Traded $1,001 to $15,000 "
29/06/2021,John,Boozman,US Senator,TLH,10-20 Year Tre,8000,Sell,"Traded $1,001 to $15,000 "
30/06/2021,Thomas,Tuberville,US Senator,ADP,Automatic Data,8000,Buy,"Aquisition Of Put Options With Strike Price $175.00 And Expiry 08/20/2021. Traded $1,001 To $15,000 As We Don't Have A Price We Have Stated An Amount Of 1 And Valued At The Midpoint."
01/07/2021,Richard,Blumenthal,US Senator,WYNN,Wynn Resorts L,8000,Sell,"By Spouse. Traded $1,001 to $15,000 "
01/07/2021,Thomas,Tuberville,US Senator,INTC,Intel Corp,8000,Sell,"Sale Of Put Options With Strike Price $55 And Expiry 21-January-2022. Traded $1,001 To $15,000. "
04/07/2021,Thomas,Carper,US Senator,JCI,Johnson Contro,8000,Buy,"By Spouse. Traded $1,001 to $15,000 "
06/07/2021,Thomas,Tuberville,US Senator,QQQ,Nasdaq QQQ Inv,8000,Buy,"Purchase Of Put Options With Strike Price $262 And Expiry 17-September-2021. Traded $1,001 To $15,000. "
06/07/2021,Richard,Blumenthal,US Senator,WYNN,Wynn Resorts L,32500,Sell,"By Spouse. Traded $15,001 To $50,000 "
06/07/2021,Richard,Blumenthal,US Senator,DIS,Walt Disney Co,32500,Sell,"By Spouse. Traded $15,001 To $50,000 "
08/07/2021,Thomas,Carper,US Senator,FAST,Fastenal Compa,8000,Buy,"By Spouse. Traded $1,001 to $15,000 "
16/07/2021,Thomas,Tuberville,US Senator,MTUM,USA Momentum F,32500,Buy,"Traded $15,001 to $50,000 "
16/07/2021,Thomas,Tuberville,US Senator,XLY,S&P 500 Cons D,32500,Buy,"Traded $15,001 to $50,000 "
16/07/2021,Thomas,Tuberville,US Senator,DTD,Wisdomtree U.S,32500,Buy,"Traded $15,001 to $50,000 ."
16/07/2021,Thomas,Tuberville,US Senator,BMY,Bristol-Myers ,32500,Buy,"Traded $15,001 to $50,000 "
16/07/2021,Thomas,Tuberville,US Senator,SQ,Block Inc,32500,Buy,"Traded $15,001 to $50,000 "
16/07/2021,Thomas,Tuberville,US Senator,PEP,Pepsico Inc,32500,Buy,"Traded $15,001 to $50,000 "
16/07/2021,Thomas,Tuberville,US Senator,PEGA,Pegasystems In,32500,Buy,"Traded $15,001 to $50,000 "
16/07/2021,Thomas,Tuberville,US Senator,NWL,Newell Rubberm,32500,Buy,"Traded $15,001 to $50,000 "
16/07/2021,Thomas,Tuberville,US Senator,CRWD,Crowdstrike Ho,32500,Buy,"Traded $15,001 to $50,000 "
16/07/2021,Thomas,Tuberville,US Senator,AA,Alcoa Corp,8000,Buy,"Purchase Of Put Options With Strike Price $25 And Expiry 15-October-2021. Traded $1,001 To $15,000. "
16/07/2021,Thomas,Tuberville,US Senator,AA,Alcoa Corp,75000,Sell,"Traded $50,001 to $100,000 "
16/07/2021,Thomas,Tuberville,US Senator,F,Ford Motor Com,32500,Sell,"Sale Of Put Options With Strike Price $15 And Expiry 18-March-2022. Traded $15,001 To $50,000. "
19/07/2021,Thomas,Tuberville,US Senator,CLF,Cleveland-Clif,75000,Sell,"Traded $50,001 to $100,000 "
20/07/2021,Thomas,Tuberville,US Senator,CLF,Cleveland-Clif,16001,Sell,"Sale Of Put Options With Strike Price $20 And Expiry 21-January-2022. Traded $2,002 To $30,000. "
21/07/2021,Gary,Peters,US Senator,O,Realty Income ,32500,Buy,"Traded $15,001 to $50,000 "
21/07/2021,Thomas,Tuberville,US Senator,CLF,Cleveland-Clif,175000,Buy,"Traded $100,001 to $250,000 "
21/07/2021,Thomas,Tuberville,US Senator,CLF,Cleveland-Clif,32500,Sell,"Sale Of Put Options With Strike Price $23 And Expiry 21-January-2022. Traded $15,001 To $50,000. "
21/07/2021,Thomas,Tuberville,US Senator,CLF,Cleveland-Clif,24002,Sell,"Sale Of Put Options With Strike Price $23 And Expiry 21-January-2022. Traded $3,003 To $45,000. "
24/07/2021,Angus,King,US Senator,ADBE,Adobe Systems ,8000,Buy,"By Spouse. Traded $1,001 to $15,000 "
26/07/2021,Thomas,Carper,US Senator,FINX,GX Fintech ETF,8000,Buy,"By Spouse. Traded $1,001 to $15,000 "
26/07/2021,Thomas,Carper,US Senator,DGRS,Wisdomtree US ,8000,Buy,"By Spouse. Traded $1,001 to $15,000 "
26/07/2021,Thomas,Carper,US Senator,NXTG,Nasdaq Smartph,8000,Buy,"By Spouse. Traded $1,001 to $15,000 "
26/07/2021,Thomas,Carper,US Senator,GLD,Gold SPDR,8000,Buy,"By Spouse. Traded $1,001 to $15,000 "
26/07/2021,Shelley,Capito,US Senator,RYDBF,Royal Dutch Sh,8000,Sell,"By Spouse. As ADR/ADS but shown as Ord equivalent. Traded $1,001 to $15,000 "
26/07/2021,Shelley,Capito,US Senator,C,Citigroup Inc,8000,Sell,"By Spouse. Traded $1,001 to $15,000 "
26/07/2021,Shelley,Capito,US Senator,INTC,Intel Corp,8000,Sell,"By Spouse. Traded $1,001 to $15,000 "
26/07/2021,Shelley,Capito,US Senator,IBM,International ,8000,Sell,"By Spouse. Traded $1,001 to $15,000 "
26/07/2021,Shelley,Capito,US Senator,MSFT,Microsoft Corp,8000,Sell,"By Spouse. Traded $1,001 to $15,000 "
26/07/2021,Thomas,Carper,US Senator,CFA,Victory US 500,8000,Sell,"By Spouse. Traded $1,001 to $15,000 "
26/07/2021,Thomas,Carper,US Senator,IJS,S&P Smallcap 6,8000,Sell,"By Spouse. Traded $1,001 to $15,000 "
26/07/2021,Thomas,Carper,US Senator,FDN,DJ Internet In,8000,Sell,"By Spouse. Traded $1,001 to $15,000 "
26/07/2021,Thomas,Carper,US Senator,IVV,S&P 500 Ishare,8000,Sell,"By Spouse. Traded $1,001 to $15,000 "
27/07/2021,John,Hickenlooper,US Senator,SNAP,Snap Inc,32500,Sell,"By Spouse. Traded $15,001 To $50,000 "
28/07/2021,Thomas,Tuberville,US Senator,NVDA,Nvidia Corp,32500,Sell,"Sale Of Put Options With Strike Price $180 And Expiry 16-June-2022. Traded $15,001 To $50,000. "
30/07/2021,John,Hickenlooper,US Senator,PINS,Pinterest Inc,32500,Buy,"By Spouse. Traded $15,001 To $50,000 "
04/08/2021,Thomas,Carper,US Senator,ARE,Alexandria Rea,8000,Sell,"By Spouse. Traded $1,001 To $15,000 ."
06/08/2021,Stephanie,Bice,US Senator,WFC,Wells Fargo & ,8000,Sell,"Traded $1,001 to $15,000 "
10/08/2021,Thomas,Tuberville,US Senator,INTC,Intel Corp,8000,Sell,"Sale Of Put Options With Strike Price $52.50 And Expiry 6/17/2022. Traded $1,001 To $15,000 "
11/08/2021,Thomas,Carper,US Senator,WW,Weight Watcher,8000,Buy,"By Spouse. Traded $1,001 To $15,000 "
12/08/2021,Thomas,Tuberville,US Senator,SSBK,Southern State,75000,Buy,"Traded $50,001 to $100,000 "
17/08/2021,Shelley,Capito,US Senator,MSFT,Microsoft Corp,8000,Sell,"Traded $1,001 to $15,000 "
17/08/2021,Shelley,Capito,US Senator,AAPL,Apple Inc,8000,Sell,"Traded $1,001 to $15,000 ."
18/08/2021,Thomas,Tuberville,US Senator,SSYS,Stratasys Ltd,8000,Buy,"Traded $1,001 to $15,000 "
25/08/2021,Shelley,Capito,US Senator,AAPL,Apple Inc,8000,Buy,"Traded $1,001 to $15,000 ."
27/08/2021,John,Boozman,US Senator,OMC,Omnicom Group ,8000,Buy,"Traded $1,001 to $15,000 "
27/08/2021,Thomas,Tuberville,US Senator,CALX,Calix Inc,8000,Buy,"Purchase Of Put Options With Strike Price $40.00 And Expiry 10/15/2021. Traded $1,001 To $15,000 "
27/08/2021,John,Boozman,US Senator,VZ,Verizon Commun,8000,Sell,"Traded $1,001 to $15,000 "
30/08/2021,Sheldon,Whitehouse,US Senator,MCHP,Microchip Tech,32500,Sell,"Traded $15,001 to $50,000 "
30/08/2021,Sheldon,Whitehouse,US Senator,T,AT&T Inc,32500,Sell,"Traded $15,001 to $50,000 "
30/08/2021,Sheldon,Whitehouse,US Senator,BABAF,Alibaba Group ,8000,Sell,"By Spouse. As ADR/ADS but shown as Ord equivalent. Traded $1,001 to $15,000 ."
30/08/2021,Thomas,Tuberville,US Senator,CALX,Calix Inc,8000,Sell,"Sale Of Put Options With Strike Price $40.00 And Expiry 11/18/2022. Traded $1,001 To $15,000 "
30/08/2021,Thomas,Tuberville,US Senator,ECOM,Channeladvisor,16001,Sell,"Sale Of Put Options With Strike Price $25.00 And Expiry 3/18/2022. Traded $2,002 To $30,000 "
01/09/2021,John,Hickenlooper,US Senator,LBRDK,Liberty Broadb,32500,Exercise,"Unknown Share Option Scheme. By Spouse. Traded $15,001 To $50,000 "
01/09/2021,John,Hickenlooper,US Senator,LBRDK,Liberty Broadb,175000,Sell,"By Spouse. Traded $100,001 To $250,000 "
03/09/2021,Cynthia,Lummis Wiederspahn,US Senator,J,Jacobs Enginee,8000,Buy,"Traded $1,001 to $15,000 ."
03/09/2021,Thomas,Tuberville,US Senator,ECOM,Channeladvisor,8000,Buy,"Purchase Of Put Options With Strike Price $25.00 And Expiry 09/17/2021 .Traded $1,001 To $15,000 As We Don't Have A Price We Have Stated An Amount Of 1 And Valued At The Midpoint."
13/09/2021,Thomas,Tuberville,US Senator,BABA,Alibaba Group ,65000,Sell,"Traded $30,001 To $100,000 ."
17/09/2021,John,Boozman,US Senator,INDA,India MSCI Ish,8000,Sell,"Traded $1,001 to $15,000 "
20/09/2021,Thomas,Tuberville,US Senator,SSYS,Stratasys Ltd,75000,Buy,"Traded $50,001 to $100,000 "
20/09/2021,Thomas,Tuberville,US Senator,AME,Ametek Inc,8000,Sell,"Traded $1,001 to $15,000 "
27/09/2021,Roy,Blunt,US Senator,NRDY,Nerdy Inc,8000,Buy,"By Spouse.Traded $1,001 to $15,000 "
28/09/2021,Thomas,Carper,US Senator,AAPL,Apple Inc,32500,Sell,"By Spouse. Traded $15,001 To $50,000 ."
28/09/2021,Thomas,Carper,US Senator,GOOG,Alphabet Cl C,8000,Sell,"By Spouse. Traded $1,001 to $15,000 "
29/09/2021,Thomas,Tuberville,US Senator,WAL,Western Allian,8000,Buy,"Traded $1,001 to $15,000 ."
29/09/2021,Thomas,Tuberville,US Senator,X,United States ,32500,Sell,"Sale Of Call Options With Strike Price $25.00 And Expiry 06/17/2022 .Traded $15,001 To $50,000 As We Don't Have A Price We Have Stated An Amount Of 1 And Valued At The Midpoint."
29/09/2021,Thomas,Tuberville,US Senator,ATHM,Autohome Inc A,8000,Sell,"Traded $1,001 to $15,000 "
29/09/2021,Thomas,Tuberville,US Senator,CHE,Chemed Inc,8000,Sell,"Traded $1,001 to $15,000 "
29/09/2021,Thomas,Tuberville,US Senator,CLX,Clorox Company,8000,Sell,"Traded $1,001 to $15,000 "
29/09/2021,Thomas,Tuberville,US Senator,DECK,Deckers Outdoo,8000,Sell,"Traded $1,001 to $15,000 "
29/09/2021,Thomas,Tuberville,US Senator,DGX,Quest Diagnost,8000,Sell,"Traded $1,001 to $15,000 "
29/09/2021,Thomas,Tuberville,US Senator,MMM,3M Company,8000,Sell,"Traded $1,001 to $15,000 "
30/09/2021,Thomas,Tuberville,US Senator,APD,Air Products a,8000,Buy,"Traded $1,001 to $15,000 "
30/09/2021,Thomas,Tuberville,US Senator,ALLE,Allegion Plc,8000,Buy,"Traded $1,001 to $15,000 "
30/09/2021,Thomas,Tuberville,US Senator,BKE,Buckle Inc,8000,Buy,"Traded $1,001 to $15,000 "
30/09/2021,Thomas,Tuberville,US Senator,CTAS,Cintas Corp,8000,Buy,"Traded $1,001 to $15,000 "
30/09/2021,Thomas,Tuberville,US Senator,EXP,Eagle Material,8000,Buy,"Traded $1,001 to $15,000 "
30/09/2021,Thomas,Tuberville,US Senator,EL,Estee Lauder C,8000,Buy,"Traded $1,001 to $15,000 "
30/09/2021,Thomas,Tuberville,US Senator,GNRC,Generac Holdin,8000,Buy,"Traded $1,001 to $15,000 "
30/09/2021,Thomas,Tuberville,US Senator,INTU,Intuit Inc,8000,Buy,"Traded $1,001 to $15,000 "
30/09/2021,Thomas,Tuberville,US Senator,JNJ,Johnson & John,8000,Buy,"Traded $1,001 to $15,000 "
30/09/2021,Thomas,Tuberville,US Senator,KLAC,K L A-Tencor C,8000,Buy,"Traded $1,001 to $15,000 "
30/09/2021,Thomas,Tuberville,US Senator,KEYS,Keysight Techn,8000,Buy,"Traded $1,001 to $15,000 "
30/09/2021,Thomas,Tuberville,US Senator,MPWR,Monolithic Pow,8000,Buy,"Traded $1,001 to $15,000 ."
30/09/2021,Thomas,Tuberville,US Senator,NFLX,Netflix Inc,8000,Buy,"Traded $1,001 to $15,000 "
30/09/2021,Thomas,Tuberville,US Senator,PG,Procter & Gamb,8000,Buy,"Traded $1,001 to $15,000 ."
08/10/2021,Richard,Blumenthal,US Senator,OLO,Olo Inc Cl A,40501,Sell,"By Director And Spouse. Traded $16,002 To $65,000 "
13/10/2021,Shelley,Capito,US Senator,PPG,PPG Industries,8000,Buy,"Traded $1,001 to $15,000 "
14/10/2021,Mark,Warner,US Senator,ROAD,Construction P,75000,Sell,"Traded $50,001 to $100,000 "
15/10/2021,Patrick,Toomey,US Senator,SPG,Simon Property,8000,Buy,"Traded $1,001 to $15,000 "
15/10/2021,Thomas,Tuberville,US Senator,INTC,Intel Corp,32500,Buy,"Traded $15,001 to $50,000 "
15/10/2021,Thomas,Tuberville,US Senator,AA,Alcoa Corp,8000,Sell,"Traded $1,001 to $15,000 ."
18/10/2021,Thomas,Tuberville,US Senator,X,United States ,175000,Buy,"Traded $100,001 to $250,000 "
18/10/2021,Thomas,Tuberville,US Senator,INTC,Intel Corp,75000,Buy,"Traded $50,001 to $100,000 "
18/10/2021,Thomas,Tuberville,US Senator,CALX,Calix Inc,8000,Buy,"Purchase Of Put Options With Strike Price $55 And Expiry 18-November-2022. Traded $1,001 To $15,000 "
18/10/2021,Thomas,Tuberville,US Senator,GD,General Dynami,32500,Sell,"Traded $15,001 to $50,000 "
18/10/2021,Thomas,Tuberville,US Senator,DOW,Dow Inc,8000,Sell,"Traded $1,001 to $15,000 "
18/10/2021,Thomas,Tuberville,US Senator,D,Dominion Energ,32500,Sell,"Traded $15,001 to $50,000 "
18/10/2021,Thomas,Tuberville,US Senator,BDX,Becton Dickins,32500,Sell,"Traded $15,001 to $50,000 "
18/10/2021,Thomas,Tuberville,US Senator,UA,Under Armour I,32500,Sell,"Traded $15,001 to $50,000 "
18/10/2021,Thomas,Tuberville,US Senator,UAA,Under Armour,32500,Sell,"Traded $15,001 to $50,000 "
18/10/2021,Thomas,Tuberville,US Senator,GE,General Electr,32500,Sell,"Traded $15,001 to $50,000 "
18/10/2021,Thomas,Tuberville,US Senator,X,United States ,8000,Sell,"Sale Of Call Options With Strike Price $25 And Expiry 17-June-2022. Traded $1,001 To $15,000 "
18/10/2021,Thomas,Tuberville,US Senator,AA,Alcoa Corp,175000,Sell,"Traded $100,001 to $250,000 ."
18/10/2021,Thomas,Tuberville,US Senator,INTC,Intel Corp,8000,Sell,"Sale Of Call Options With Strike Price $60 And Expiry 17-June-2022. Traded $1,001 To $15,000 "
18/10/2021,Thomas,Tuberville,US Senator,CALX,Calix Inc,16001,Sell,"Sale Of Put Options With Strike Price $55 And Expiry 18-November-2022. Traded $2,002 To $30,000 "
21/10/2021,Thomas,Tuberville,US Senator,X,United States ,8000,Sell,"Sale Of Put Options With Strike Price $22 And Expiry 17-June-2022. Traded $1,001 To $15,000 "
22/10/2021,Thomas,Carper,US Senator,SNOW,Snowflake Inc ,8000,Buy,"By Spouse. Traded $1,001 to $15,000 "
26/10/2021,Thomas,Tuberville,US Senator,AON,AON Plc,8000,Sell,"Traded $1,001 to $15,000 "
26/10/2021,Thomas,Tuberville,US Senator,APAM,Artisan Partne,8000,Sell,"Traded $1,001 to $15,000 "
26/10/2021,Thomas,Tuberville,US Senator,RMD,Resmed Inc,8000,Sell,"Traded $1,001 to $15,000 "
26/10/2021,Thomas,Tuberville,US Senator,QCOM,Qualcomm Inc,8000,Sell,"Sale Of Put Options With Strike Price $130 And Expiry 17-June-2022. Traded $1,001 To $15,000 "
27/10/2021,John,Hickenlooper,US Senator,META,Meta Platforms,375000,Sell,"Traded $250,001 to $500,000 ."
28/10/2021,John,Hickenlooper,US Senator,CVX,Chevron Corp,175000,Sell,"Traded $100,001 to $250,000 "
29/10/2021,Richard,Blumenthal,US Senator,HOOD,Robinhood Mark,750000,Sell,"Traded $500,001 to $1,000,000 "
01/11/2021,John,Hickenlooper,US Senator,GOOGL,Alphabet Cl A,375000,Sell,"Traded $250,001 to $500,000 "
01/11/2021,John,Hickenlooper,US Senator,MSFT,Microsoft Corp,375000,Sell,"Traded $250,001 to $500,000 ."
01/11/2021,John,Hickenlooper,US Senator,NVDA,Nvidia Corp,750000,Sell,"Traded $500,001 to $1,000,000 "
01/11/2021,John,Hickenlooper,US Senator,PYPL,Paypal Holding,375000,Sell,"Traded $250,001 to $500,000 "
02/11/2021,Thomas,Tuberville,US Senator,SCCO,Southern Coppe,175000,Buy,"Traded $100,001 to $250,000 "
02/11/2021,Thomas,Tuberville,US Senator,SCCO,Southern Coppe,8000,Buy,"Purchase Of Call Options With Strike Price $55 And Expiry 17-Jun-22. Traded $1,001 To $15,000 "
02/11/2021,Thomas,Tuberville,US Senator,SCCO,Southern Coppe,8000,Sell,"Sale Of Put Options With Strike Price $65 And Expiry 17-Jun-22. Traded $1,001 To $15,000 "
02/11/2021,Thomas,Tuberville,US Senator,SCCO,Southern Coppe,8000,Sell,"Sale Of Call Options With Strike Price $55 And Expiry 17-Jun-22. Traded $1,001 To $15,000 "
04/11/2021,Thomas,Tuberville,US Senator,SSYS,Stratasys Ltd,8000,Sell,"Sale Of Call Options With Strike Price $40 And Expiry 18-Mar-22. Traded $1,001 To $15,000 "
05/11/2021,Thomas,Tuberville,US Senator,F,Ford Motor Com,16001,Buy,"Purchase Of Call Options With Strike Price $17 And Expiry 16-Sep-22. Traded $2,002 To $30,000 "
08/11/2021,Thomas,Tuberville,US Senator,CLF,Cleveland-Clif,175000,Buy,"Traded $100,001 to $250,000 "
08/11/2021,John,Hickenlooper,US Senator,TTD,Trade Desk Inc,32500,Sell,"By Spouse.Traded $15,001 To $50,000 "
08/11/2021,Thomas,Tuberville,US Senator,CLF,Cleveland-Clif,40501,Sell,"Sale Of Call Options With Strike Price $27 And Expiry 20-Jan-2023. Traded $16,002 To $65,000 "
08/11/2021,Thomas,Tuberville,US Senator,CLF,Cleveland-Clif,32500,Sell,"Sale Of Call Options With Strike Price $22 And Expiry 20-Jan-2023. Traded $15,001 To $50,000 "
08/11/2021,William Francis,Hagerty,US Senator,DDOG,Datadog Inc Cl,3000000,Sell,"Traded $1,000,001 to $5,000,000 "
10/11/2021,Richard,Blumenthal,US Senator,HOOD,Robinhood Mark,750000,Sell,"Traded $500,001 to $1,000,000 "
12/11/2021,Thomas,Tuberville,US Senator,ADBE,Adobe Systems ,8000,Buy,"Purchase Of Put Options With Strike Price $400 And Expiry 21-Jan-22. Traded $1,001 To $15,000 "
12/11/2021,John,Hickenlooper,US Senator,LSXMK,Liberty Media ,175000,Exercise,"By Spouse. Traded $100,001 To $250,000 ."
12/11/2021,John,Hickenlooper,US Senator,LSXMK,Liberty Media ,375000,Sell,"By Spouse. Traded $250,001 To $500,000 ."
15/11/2021,Richard,Burr,US Senator,EPD,Enterprise Pro,8000,Buy,"Traded $1,001 to $15,000 "
16/11/2021,Thomas,Carper,US Senator,GLPI,Gaming & Leisu,8000,Buy,"By Spouse. Traded $1,001 to $15,000 "
16/11/2021,Thomas,Carper,US Senator,CONE,Cyrusone Inc,8000,Sell,"By Spouse. Traded $1,001 to $15,000 "
17/11/2021,John,Boozman,US Senator,GEM,GS Activebeta ,8000,Buy,"Traded $1,001 to $15,000 ."
17/11/2021,John,Boozman,US Senator,IVE,S&P 500 Value ,8000,Sell,"Traded $1,001 to $15,000 "
17/11/2021,John,Boozman,US Senator,SPLG,SPDR Portfolio,8000,Sell,"Traded $1,001 to $15,000 "
17/11/2021,Thomas,Tuberville,US Senator,PYPL,Paypal Holding,24002,Sell,"Sale Of Call Options With Strike Price $185 And Expiry 20-Jan-23. Traded $3,003 To $45,000 "
22/11/2021,Thomas,Tuberville,US Senator,AAPL,Apple Inc,8000,Buy,"Purchase Of Put Options With Strike Price $102.50 And Expiry 17-Jun-22. Traded $1,001 To $15,000 ."
22/11/2021,Thomas,Tuberville,US Senator,ECOM,Channeladvisor,8000,Buy,"Purchase Of Call Options With Strike Price $25 And Expiry 17-Jun-22. Traded $1,001 To $15,000 "
22/11/2021,Thomas,Tuberville,US Senator,MSFT,Microsoft Corp,8000,Buy,"Purchase Of Put Options With Strike Price $210 And Expiry 18-Mar-22. Traded $1,001 To $15,000 "
22/11/2021,Thomas,Tuberville,US Senator,OXY,Occidental Pet,75000,Sell,"Traded $50,001 to $100,000 "
24/11/2021,Roy,Blunt,US Senator,PM,Philip Morris ,32500,Sell,"By Spouse. Traded $15,001 To $50,000 "
26/11/2021,Thomas,Carper,US Senator,GLPI,Gaming & Leisu,8000,Buy,"By Spouse. Traded $1,001 to $15,000 "
26/11/2021,Thomas,Carper,US Senator,LITE,Lumentum Holdi,8000,Buy,"By Spouse. Traded $1,001 to $15,000 "
26/11/2021,Thomas,Carper,US Senator,GOLD,Barrick Gold C,8000,Sell,"By Spouse.Traded $1,001 To $15,000 "
26/11/2021,Thomas,Carper,US Senator,CONE,Cyrusone Inc,8000,Sell,"By Spouse. Traded $1,001 to $15,000 "
26/11/2021,Thomas,Carper,US Senator,QS,Quantumscape C,8000,Sell,"By Spouse. Traded $1,001 to $15,000 "
29/11/2021,Gary,Peters,US Senator,CDP,Copt Defense P,8000,Buy,"Traded $1,001 to $15,000 ."
29/11/2021,Gary,Peters,US Senator,CAG,Conagra Brands,8000,Buy,"Traded $1,001 to $15,000 ."
29/11/2021,Thomas,Carper,US Senator,SBIO,Alps Medical B,8000,Buy,"By Spouse. Traded $1,001 to $15,000 "
29/11/2021,Thomas,Carper,US Senator,BMY,Bristol-Myers ,8000,Buy,"By Spouse. Traded $1,001 to $15,000 "
29/11/2021,John,Hickenlooper,US Senator,AMZN,Amazon.com Inc,375000,Sell,"Traded $250,001 to $500,000 ."
29/11/2021,John,Hickenlooper,US Senator,AAPL,Apple Inc,375000,Sell,"Traded $250,001 to $500,000 ."
30/11/2021,John,Boozman,US Senator,OMC,Omnicom Group ,8000,Buy,"Traded $1,001 to $15,000 "
30/11/2021,John,Boozman,US Senator,CL,Colgate-Palmol,8000,Sell,"Traded $1,001 to $15,000 "
06/12/2021,Mark,Warner,US Senator,EP,Empire Petrole,175000,Sell,"Traded $100,001 to $250,000 "
07/12/2021,Gary,Peters,US Senator,HBAN,Huntington Bcs,8000,Buy,"Traded $1,001 to $15,000 "
08/12/2021,Richard,Blumenthal,US Senator,HOOD,Robinhood Mark,382501,Sell,"By Spouse. Traded $215,002 To $550,000 "
13/12/2021,Thomas,Tuberville,US Senator,SSYS,Stratasys Ltd,32500,Buy,"Traded $15,001 to $50,000 "
15/12/2021,Shelley,Capito,US Senator,AMGN,Amgen Inc,8000,Buy,"By Spouse. Traded $1,001 to $15,000 ."
15/12/2021,Shelley,Capito,US Senator,UNH,Unitedhealth G,8000,Buy,"By Spouse. Traded $1,001 to $15,000 "
15/12/2021,Thomas,Tuberville,US Senator,BABA,Alibaba Group ,75000,Buy,"Traded $50,001 to $100,000 ."
17/12/2021,Shelley,Capito,US Senator,C,Citigroup Inc,8000,Sell,"By Spouse. Traded $1,001 to $15,000 "
17/12/2021,Shelley,Capito,US Senator,MSFT,Microsoft Corp,8000,Sell,"By Spouse. Traded $1,001 to $15,000 "
21/12/2021,Gerald,Moran,US Senator,VZ,Verizon Commun,8000,Buy,"Traded $1,001 to $15,000 "
21/12/2021,Gerald,Moran,US Senator,BK,Bank of New Yo,16001,Buy,"By Director And Spouse. Traded $2,002 To $30,000 "
21/12/2021,Gerald,Moran,US Senator,CI,The Cigna Grou,16001,Buy,"By Director And Spouse. Traded $2,002 To $30,000 ."
21/12/2021,Gerald,Moran,US Senator,CSCO,Cisco Systems ,16001,Buy,"By Director And Spouse. Traded $2,002 To $30,000 "
21/12/2021,Gerald,Moran,US Senator,CMCSA,Comcast Corp A,16001,Buy,"By Director And Spouse. Traded $2,002 To $30,000 "
21/12/2021,Gerald,Moran,US Senator,KMB,Kimberly-Clark,16001,Buy,"By Director And Spouse. Traded $2,002 To $30,000 "
21/12/2021,Gerald,Moran,US Senator,PFE,Pfizer Inc,16001,Buy,"By Director And Spouse. Traded $2,002 To $30,000 "
21/12/2021,Gerald,Moran,US Senator,PII,Polaris Inc,16001,Buy,"By Director And Spouse. Traded $2,002 To $30,000 "
21/12/2021,Thomas,Tuberville,US Senator,BABA,Alibaba Group ,32500,Buy,"Traded $15,001 to $50,000 ."
21/12/2021,Gerald,Moran,US Senator,GOOG,Alphabet Cl C,8000,Sell,"Traded $1,001 to $15,000 "
21/12/2021,Gerald,Moran,US Senator,DVA,Davita Healthc,8000,Sell,"Traded $1,001 to $15,000 ."
21/12/2021,Gerald,Moran,US Senator,META,Meta Platforms,8000,Sell,"Traded $1,001 to $15,000 ."
21/12/2021,Gerald,Moran,US Senator,KR,Kroger Company,8000,Sell,"Traded $1,001 to $15,000 "
21/12/2021,Gerald,Moran,US Senator,AAPL,Apple Inc,16001,Sell,"By Director And Spouse. Traded $2,002 To $30,000 ."
21/12/2021,Gerald,Moran,US Senator,BAC,Bank of Americ,16001,Sell,"By Director And Spouse. Traded $2,002 To $30,000 ."
21/12/2021,Gerald,Moran,US Senator,CVS,CVS Corp,16001,Sell,"By Director And Spouse. Traded $2,002 To $30,000 ."
21/12/2021,Gerald,Moran,US Senator,XOM,Exxon Mobil Co,16001,Sell,"By Director And Spouse. Traded $2,002 To $30,000 "
21/12/2021,Gerald,Moran,US Senator,GILD,Gilead Science,16001,Sell,"By Director And Spouse. Traded $2,002 To $30,000 "
21/12/2021,Gerald,Moran,US Senator,MSFT,Microsoft Corp,16001,Sell,"By Director And Spouse. Traded $2,002 To $30,000 "
21/12/2021,Gerald,Moran,US Senator,USB,U.S. Bancorp,16001,Sell,"By Director And Spouse. Traded $2,002 To $30,000 ."
21/12/2021,John,Boozman,US Senator,KMB,Kimberly-Clark,8000,Sell,"Traded $1,001 to $15,000 "
22/12/2021,Thomas,Tuberville,US Senator,AAPL,Apple Inc,75000,Sell,"Traded $50,001 to $100,000 ."
22/12/2021,Thomas,Carper,US Senator,CEM,Clearbridge En,8000,Sell,"By Spouse. Traded $1,001 to $15,000 "
23/12/2021,Thomas,Tuberville,US Senator,CLF,Cleveland-Clif,32500,Buy,"Sale Of Short Sale Options With Strike Price $25 And Expiry 17-June-2022. Traded $15,001 To $50,000, As We Don't Have A Price We Have Stated An Amount Of 1 And Valued At The Midpoint."
23/12/2021,William Francis,Hagerty,US Senator,VRM,Vroom Inc,8000,Buy,"Traded $1,001 to $15,000 ."
23/12/2021,Thomas,Tuberville,US Senator,BABA,Alibaba Group ,75000,Sell,"Traded $50,001 to $100,000 ."
23/12/2021,Thomas,Tuberville,US Senator,ECOM,Channeladvisor,32500,Sell,"Sale Of Shor Sale Options With Strike Price $105 And Expiry 17-June-2022. Traded $16,002 To $65,000, As We Don't Have A Price We Have Stated An Amount Of 1 And Valued At The Midpoint."
23/12/2021,William Francis,Hagerty,US Senator,RHP,Ryman Hospital,207501,Sell,"Traded $115,002 to $300,000 "
23/12/2021,William Francis,Hagerty,US Senator,RNR,Renaissancere ,375000,Sell,"Traded $250,001 to $500,000 "
27/12/2021,Thomas,Tuberville,US Senator,ECOM,Channeladvisor,32500,Sell,"Sale Of Short Sale Options With Strike Price $25 And Expiry 17-June-2022. Traded $15,001 To $50,000, As We Don't Have A Price We Have Stated An Amount Of 1 And Valued At The Midpoint."
28/12/2021,Shelley,Capito,US Senator,VZ,Verizon Commun,8000,Sell,"Traded $1,001 to $15,000 "
28/12/2021,William Francis,Hagerty,US Senator,SBNY,Signature Bank,97502,Sell,"By Child. Traded $45,003 To $150,000 "
28/12/2021,William Francis,Hagerty,US Senator,RNR,Renaissancere ,375000,Sell,"Traded $250,001 to $500,000 "
28/12/2021,William Francis,Hagerty,US Senator,DDOG,Datadog Inc Cl,32500,Sell,"Traded $15,001 to $50,000 "
29/12/2021,Thomas,Tuberville,US Senator,QQQ,Nasdaq QQQ Inv,8000,Buy,"Purchase Of Put Options With Strike Price $285 And Expiry 18-march-2022. Traded $1,001 To $15,000, As We Don't Have A Price We Have Stated An Amount Of 1 And Valued At The Midpoint."
29/12/2021,Thomas,Tuberville,US Senator,PYPL,Paypal Holding,32500,Sell,"Sale Of Short Sale Option With Strike Price $185 And Expiry 19-September-2022. Traded $15,001 To $50,000, As We Don't Have A Price We Have Stated An Amount Of 1 And Valued At The Midpoint."
29/12/2021,William Francis,Hagerty,US Senator,CLDT,Chatham Lodgin,8000,Sell,"Traded $1,001 to $15,000 "
29/12/2021,William Francis,Hagerty,US Senator,NS,Nustar Energy ,75000,Sell,"Traded $50,001 to $100,000 "
29/12/2021,William Francis,Hagerty,US Senator,BKEP,Blueknight Ene,32500,Sell,"Traded $15,001 to $50,000 "
29/12/2021,William Francis,Hagerty,US Senator,CCEP,Coca-Cola Euro,75000,Sell,"Traded $50,001 to $100,000 "
29/12/2021,William Francis,Hagerty,US Senator,ENVA,Enova Internat,32500,Sell,"Traded $15,001 to $50,000 ."
29/12/2021,William Francis,Hagerty,US Senator,PNFP,Pinnacle Finl ,175000,Sell,"Traded $100,001 to $250,000 "
31/12/2021,Thomas,Carper,US Senator,SBIO,Alps Medical B,8000,Sell,"By Spouse. Traded $1,001 to $15,000 "
03/01/2022,Gary,Peters,US Senator,IBM,International ,8000,Buy,"Traded $1,001 to $15,000 "
03/01/2022,Thomas,Tuberville,US Senator,SSYS,Stratasys Ltd,32000,Sell,"Sale Of Short Sale With Strike Price $25.00 And Expiry 17-June-2022. Traded $4,001 To $60,000. "
04/01/2022,John,Boozman,US Senator,SLV,Silver Trust I,8000,Buy,"Traded $1,001 to $15,000 "
05/01/2022,Thomas,Tuberville,US Senator,INTC,Intel Corp,16000,Sell,"Sale Of Put Options With Strike Price $52.50 And Expiry 16-September-2022. Traded $2,001 To $30,000. "
06/01/2022,Susan,Collins,US Senator,AMZN,Amazon.com Inc,32500,Buy,"By Spouse. Traded $15,001 To $50,000 ."
06/01/2022,Susan,Collins,US Senator,LIN,Linde Plc,32500,Buy,"By Spouse. Traded $15,001 To $50,000 ."
06/01/2022,Susan,Collins,US Senator,NVDA,Nvidia Corp,32500,Buy,"By Spouse. Traded $15,001 To $50,000 "
06/01/2022,Susan,Collins,US Senator,HSIC,Henry Schein I,32500,Buy,"By Spouse. Traded $15,001 To $50,000 "
06/01/2022,Susan,Collins,US Senator,CARR,Carrier Global,8000,Sell,"By Spouse. Traded $1,001 to $15,000 "
06/01/2022,Susan,Collins,US Senator,OTIS,Otis Worldwide,8000,Sell,"By Spouse. Traded $1,001 to $15,000 "
06/01/2022,Susan,Collins,US Senator,VFC,V.F. Corp,8000,Sell,"By Spouse. Traded $1,001 to $15,000 "
06/01/2022,Susan,Collins,US Senator,WEX,Wex Inc,32500,Sell,"By Spouse. Traded $15,001 To $50,000 ."
,,,,,,,,
https://www.congress.gov/,,,,,,,,
