Date,Politician,"Last Name",Chamber,Symbol,Name,"Trans Total<sup>*</sup>",Trans,Notes
2021-08-08,Michael,Mccaul,"US Congressman",BRX,"Brixmor Proper",107501,Sell,"By Dependent Child And Spouse. Traded $65,002 To $150,000 "
2021-08-09,Virginia,Foxx,"US Congressman",BXMT,"Blackstone Mor",75000,Buy,"Traded $50,001 to $100,000 "
2021-08-09,Virginia,Foxx,"US Congressman",XOM,"Exxon Mobil Co",75000,Buy,"Traded $50,001 to $100,000 "
2021-08-09,Virginia,Foxx,"US Congressman",NHI,"National Healt",8000,Buy,"Traded $1,001 to $15,000 "
2021-08-09,Virginia,Foxx,"US Congressman",PPL.TO,"Pembina Pipeli",32500,Buy,"Traded $15,001 to $50,000 "
2021-08-09,Diana,Harshbarger,"US Congressman",KO,"Coca-Cola Comp",32002,Buy,"By Director And Spouse. Traded $4,004 To $60,000 "
2021-08-09,Diana,Harshbarger,"US Congressman",BAH,"Booz Allen Ham",16001,Buy,"By Director And Spouse. Traded $2,002 To $30,000 "
2021-08-09,"Susan Ellen Zoe",Lofgren,"US Congressman",ACN,"Accenture Plc",8000,Buy,"By Spouse. Traded $1,001 To $15,000 ."
2021-08-09,"Susan Ellen Zoe",Lofgren,"US Congressman",ADBE,"Adobe Systems ",8000,Buy,"By Spouse. Traded $1,001 To $15,000 "
2021-08-09,"Susan Ellen Zoe",Lofgren,"US Congressman",ALLY,"Ally Financial",8000,Buy,"By Spouse. Traded $1,001 to $15,000 ."
2021-08-09,"Susan Ellen Zoe",Lofgren,"US Congressman",AON,"AON Plc",8000,Buy,"By Spouse. Traded $1,001 To $15,000 ."
2021-08-09,"Susan Ellen Zoe",Lofgren,"US Congressman",BX,"Blackstone Inc",8000,Buy,"By Spouse. Traded $1,001 To $15,000 "
2021-08-09,"Susan Ellen Zoe",Lofgren,"US Congressman",CTAS,"Cintas Corp",8000,Buy,"By Spouse. Traded $1,001 to $15,000 ."
2021-08-09,"Susan Ellen Zoe",Lofgren,"US Congressman",EW,"Edwards Lifesc",8000,Buy,"By Spouse. Traded $1,001 to $15,000 ."
2021-08-09,"Susan Ellen Zoe",Lofgren,"US Congressman",HD,"Home Depot",8000,Buy,"By Spouse. Traded $1,001 To $15,000 ."
2021-08-09,"Susan Ellen Zoe",Lofgren,"US Congressman",JPM,"JP Morgan Chas",8000,Buy,"By Spouse. Traded $1,001 to $15,000 ."
2021-08-09,"Susan Ellen Zoe",Lofgren,"US Congressman",MA,"Mastercard Inc",8000,Buy,"By Spouse. Traded $1,001 To $15,000 ."
2021-08-09,"Susan Ellen Zoe",Lofgren,"US Congressman",NXPI,"Nxp Semiconduc",8000,Buy,"By Spouse. Traded $1,001 To $15,000 ."
2021-08-09,"Susan Ellen Zoe",Lofgren,"US Congressman",SBUX,"Starbucks Corp",8000,Buy,"By Spouse. Traded $1,001 To $15,000 ."
2021-08-09,"Susan Ellen Zoe",Lofgren,"US Congressman",TMO,"Thermo Fisher ",8000,Buy,"By Spouse. Traded $1,001 to $15,000 ."
2021-08-09,"Susan Ellen Zoe",Lofgren,"US Congressman",TMUS,"T-Mobile US",8000,Buy,"By Spouse. Traded $1,001 To $15,000 ."
2021-08-09,"Susan Ellen Zoe",Lofgren,"US Congressman",TT,"Trane Technolo",8000,Buy,"By Spouse. Traded $1,001 To $15,000 ."
2021-08-09,"Susan Ellen Zoe",Lofgren,"US Congressman",UNH,"Unitedhealth G",8000,Buy,"By Spouse. Traded $1,001 To $15,000 ."
2021-08-09,"Susan Ellen Zoe",Lofgren,"US Congressman",V,"Visa Inc",8000,Buy,"By Spouse. Traded $1,001 To $15,000 ."
2021-08-09,"Susan Ellen Zoe",Lofgren,"US Congressman",ZTS,"Zoetis Inc Cl ",8000,Buy,"By Spouse. Traded $1,001 to $15,000 ."
2021-08-09,Kevin,Hern,"US Congressman",TXN,"Texas Instrume",8000,"Div Re","Traded $1,001 to $15,000 "
2021-08-09,Michael,Mccaul,"US Congressman",FLT,"Fleetcor Techn",150001,Buy,"By Spouse & Dependent Child. Traded $100,002 To $200,000 ."
2021-08-09,Michael,Mccaul,"US Congressman",SCHW,"The Charles Sc",150001,Buy,"By Spouse & Dependent Child. Traded $100,002 To $200,000 ."
2021-08-09,Michael,Mccaul,"US Congressman",LIN,"Linde Plc",150001,Buy,"By Spouse & Dependent Child. Traded $100,002 To $200,000 ."
2021-08-09,Michael,Mccaul,"US Congressman",PCAR,"Paccar Inc",65001,Buy,"By Spouse & Dependent Child. Traded $30,002 To $100,000 ."
2021-08-09,Michael,Mccaul,"US Congressman",PEP,"Pepsico Inc",107501,Sell,"By Spouse & Dependent Child. Traded $65,002 To $150,000 ."
2021-08-09,Michael,Mccaul,"US Congressman",CW,Curtiss-Wright,40501,Buy,"By Spouse & Dependent Child. Traded $16,002 to $65,000 ."
2021-08-09,Kathy,Manning,"US Congressman",MTCH,"Match Group In",8000,Buy,"Traded $1,001 to $15,000 ."
2021-08-10,Austin,Scott,"US Congressman",BLDP,"Ballard Power ",8000,Buy,"Traded $1,001 to $15,000 "
2021-08-10,Austin,Scott,"US Congressman",KPLTW,"Katapult Hldgs",8000,Buy,"Traded $1,001 to $15,000 ."
2021-08-10,Austin,Scott,"US Congressman",NVVE,"Nuvve Hldg Cor",8000,Sell,"Traded $1,001 to $15,000 ."
2021-08-10,Patrick,Fallon,"US Congressman",AAL,"American Airli",16001,Sell,"Traded $2,002 To $30,000 "
2021-08-10,Patrick,Fallon,"US Congressman",CVX,"Chevron Corp",8000,Sell,"Traded $1,001 to $15,000 "
2021-08-10,Patrick,Fallon,"US Congressman",DE,"Deere & Compan",183001,Sell,"Traded $101,002 To $265,000 "
2021-08-10,Patrick,Fallon,"US Congressman",DE,"Deere & Compan",175000,Buy,"Traded $100,001 to $250,000 "
2021-08-10,Patrick,Fallon,"US Congressman",LUV,"Southwest Airl",8000,Sell,"Traded $1,001 to $15,000 "
2021-08-10,Thomas,Tuberville,"US Senator",INTC,"Intel Corp",8000,Sell,"Sale Of Put Options With Strike Price $52.50 And Expiry 6/17/2022. Traded $1,001 To $15,000 "
2021-08-10,Michael,Mccaul,"US Congressman",MNST,"Monster Bevera",150001,Buy,"By Spouse & Dependent Child. Traded $100,002 To $200,000 ."
2021-08-10,Michael,Mccaul,"US Congressman",SCHW,"The Charles Sc",150001,Buy,"By Spouse & Dependent Child. Traded $100,002 To $200,000 ."
2021-08-10,Michael,Mccaul,"US Congressman",FLT,"Fleetcor Techn",75000,Buy,"By Spouse. Traded $50,001 to $100,000 ."
2021-08-10,Michael,Mccaul,"US Congressman",CW,Curtiss-Wright,40501,Buy,"By Spouse & Dependent Child. Traded $16,002 to $65,000 ."
2021-08-10,Patrick,Fallon,"US Congressman",AAL,"American Airli",1,Sell,"Sale Of Call Options With A Strike Price $22 And Expiry 17-September-2021. Price Not Reported"
2021-08-10,Patrick,Fallon,"US Congressman",AAL,"American Airli",1,Sell,"Sale Of Call Options With A Strike Price $24 And Expiry 17-September-2021. Price Not Reported"
2021-08-10,Patrick,Fallon,"US Congressman",CVX,"Chevron Corp",1,Sell,"Sale Of Call Options With Strike Price $105 And Expiry 17-September-2021. Price Not Reported."
2021-08-10,Patrick,Fallon,"US Congressman",DE,"Deere & Compan",1,Sell,"Sale Of Put Options With Strike Price $362.5 And Expiry 20-August-2021. Price No Reported."
2021-08-10,Patrick,Fallon,"US Congressman",LUV,"Southwest Airl",1,Sell,"Sale Of Call Options With Strike Price $52.5 And Expiry 17-September-2021. Price No Reported."
2021-08-11,Frank,Pallone,"US Congressman",CVX,"Chevron Corp",8000,Sell,"By Spouse.Traded $1,001 to $15,000 "
2021-08-11,Frank,Pallone,"US Congressman",C,"Citigroup Inc",8000,Sell,"By Spouse.Traded $1,001 to $15,000 "
2021-08-11,Frank,Pallone,"US Congressman",D,"Dominion Energ",8000,Sell,"By Spouse.Traded $1,001 to $15,000 "
2021-08-11,Frank,Pallone,"US Congressman",PM,"Philip Morris ",16000,Sell,"By Spouse.Traded $2,001 To $30,000 ."
2021-08-11,Mark,Green,"US Congressman",AM,"Antero Midstre",75000,Buy,"Traded $50,001 to $100,000 "
2021-08-11,Mark,Green,"US Congressman",ET,"Energy Transfe",375000,Buy,"Traded $250,001 to $500,000 "
2021-08-11,Mark,Green,"US Congressman",SHLX,"Shell Midstrea",175000,Buy,"Traded $100,001 to $250,000 "
2021-08-11,Mark,Green,"US Congressman",USAC,"USA Compressio",750000,Sell,"Traded $500,001 to $1,000,000 ."
2021-08-11,Thomas,Carper,"US Senator",WW,"Weight Watcher",8000,Buy,"By Spouse. Traded $1,001 To $15,000 "
2021-08-11,Virginia,Foxx,"US Congressman",AM,"Antero Midstre",8000,Buy,"Traded $1,001 to $15,000 "
2021-08-11,Walter,Schrader,"US Congressman",MSFT,"Microsoft Corp",8000,Sell,"Traded $1,001 to $15,000 "
2021-08-11,Walter,Schrader,"US Congressman",AAPL,"Apple Inc",8000,Sell,"Traded $1,001 to $15,000 ."
2021-08-11,Walter,Schrader,"US Congressman",IQV,"Iqvia Holdings",8000,Sell,"Traded $1,001 to $15,000 "
2021-08-11,Walter,Schrader,"US Congressman",V,"Visa Inc",8000,Sell,"Traded $1,001 to $15,000 "
2021-08-11,Walter,Schrader,"US Congressman",TMO,"Thermo Fisher ",8000,Sell,"Traded $1,001 to $15,000 "
2021-08-11,Walter,Schrader,"US Congressman",APD,"Air Products a",8000,Sell,"Traded $1,001 to $15,000 "
2021-08-11,Michael,Mccaul,"US Congressman",SCHW,"The Charles Sc",150001,Buy,"By Spouse & Dependent Child. Traded $100,002 To $200,000 ."
2021-08-11,Michael,Mccaul,"US Congressman",FLT,"Fleetcor Techn",150001,Buy,"By Spouse & Dependent Child. Traded $100,002 To $200,000 ."
2021-08-11,Michael,Mccaul,"US Congressman",BJ,"Bj's Wholesale",450003,Buy,"By Spouse & Dependent Child. Traded $300,006 to $600,000 ."
2021-08-11,Michael,Mccaul,"US Congressman",PAHC,"Phibro Anl Htl",16001,Buy,"By Spouse & Dependent Child. Traded $2,002 to $30,000 ."
2021-08-11,Michael,Mccaul,"US Congressman",SIRI,"Sirius XM Hold",150001,Sell,"By Spouse & Dependent Child. Traded $100,002 To $200,000 ."
2021-08-11,Michael,Mccaul,"US Congressman",DLTR,"Dollar Tree In",450001,Buy,"By Spouse & Dependent Child. Traded $300,002 To $600,000 ."
2021-08-11,Michael,Mccaul,"US Congressman",CW,Curtiss-Wright,40501,Buy,"By Spouse & Dependent Child. Traded $16,002 to $65,000 ."
2021-08-11,Michael,Mccaul,"US Congressman",CAG,"Conagra Brands",107501,Buy,"By Spouse & Dependent Child. Traded $65,002 To $150,000 ."
2021-08-11,Michael,Mccaul,"US Congressman",SYY,"Sysco Corp",250001,Sell,"By Spouse & Dependent Child. Traded $150,002 To $350,000 ."
2021-08-11,Michael,Mccaul,"US Congressman",LLY,"Eli Lilly and ",550001,Sell,"By Spouse & Dependent Child. Traded $350,002 To $750,000 ."
2021-08-12,Lois,Frankel,"US Congressman",HUN,"Huntsman Corp",8000,Sell,"Traded $1,001 to $15,000 "
2021-08-12,John,Curtis,"US Congressman",HLT,"Hilton Inc",8000,Buy,"Traded $1,001 to $15,000 "
2021-08-12,John,Curtis,"US Congressman",LVS,"Las Vegas Sand",8000,Sell,"Traded $1,001 to $15,000 "
2021-08-12,John,Curtis,"US Congressman",SHW,Sherwin-Willia,8000,Buy,"Traded $1,001 to $15,000 "
2021-08-12,Thomas,Tuberville,"US Senator",SSBK,"Southern State",75000,Buy,"Traded $50,001 to $100,000 "
2021-08-12,Michael,Mccaul,"US Congressman",FLT,"Fleetcor Techn",32500,Buy,"By Spouse. Traded $15,001 To $50,000 ."
2021-08-12,Michael,Mccaul,"US Congressman",SIRI,"Sirius XM Hold",107501,Sell,"By Spouse & Dependent Child. Traded $65,002 To $150,000 ."
2021-08-13,Austin,Scott,"US Congressman",KPLT,"Katapult Hldgs",8000,Buy,"Traded $1,001 to $15,000 ."
2021-08-13,Austin,Scott,"US Congressman",KPLTW,"Katapult Hldgs",8000,Buy,"Traded $1,001 to $15,000 ."
2021-08-13,Austin,Scott,"US Congressman",NVVE,"Nuvve Hldg Cor",8000,Sell,"Traded $1,001 to $15,000 ."
2021-08-13,Mark,Green,"US Congressman",UAL,"United Airline",8000,Sell,"Traded $1,001 to $15,000 "
2021-08-13,Alan,Lowenthal,"US Congressman",LZ,"Legalzoom.com ",8000,Buy,"By Spouse.Traded $1,001 to $15,000 "
2021-08-13,Virginia,Foxx,"US Congressman",EPD,"Enterprise Pro",8000,Buy,"Traded $1,001 to $15,000 "
2021-08-13,Marie,Newman,"US Congressman",AAPL,"Apple Inc",32500,Buy,"By Spouse.Traded $15,001 To $50,000 ."
2021-08-13,Marie,Newman,"US Congressman",CHWY,"Chewy Inc",8000,Sell,"By Spouse.Traded $1,001 to $15,000 "
2021-08-13,Marie,Newman,"US Congressman",CNA,"CNA Financial ",24000,Buy,"By Spouse.Traded $3,001 To $45,000 "
2021-08-13,Marie,Newman,"US Congressman",COIN,"Coinbase Globa",32500,Buy,"By Spouse.Traded $15,001 To $50,000 "
2021-08-13,Marie,Newman,"US Congressman",COIN,"Coinbase Globa",8000,Sell,"By Spouse.Traded $1,001 to $15,000 "
2021-08-13,Marie,Newman,"US Congressman",META,"Meta Platforms",32500,Sell,"By Spouse.Traded $15,001 To $50,000 "
2021-08-13,Marie,Newman,"US Congressman",SBUX,"Starbucks Corp",8000,Buy,"By Spouse.Traded $1,001 to $15,000 "
2021-08-13,Kevin,Hern,"US Congressman",ACN,"Accenture Plc",8000,"Div Re","Traded $1,001 to $15,000 "
2021-08-13,Kevin,Hern,"US Congressman",MMP,"Magellan Midst",8000,"Div Re","Traded $1,001 to $15,000 ."
2021-08-13,Victoria,Spartz,"US Congressman",SPG,"Simon Property",32500,Buy,"Traded $15,001 to $50,000 "
2021-08-13,Michael,Mccaul,"US Congressman",SCHW,"The Charles Sc",107501,Buy,"By Spouse & Dependent Child. Traded $65,002 To $150,000 ."
2021-08-13,Michael,Mccaul,"US Congressman",FLT,"Fleetcor Techn",65001,Buy,"By Spouse & Dependent Child. Traded $30,002 To $100,000 ."
2021-08-13,Michael,Mccaul,"US Congressman",SIRI,"Sirius XM Hold",107501,Sell,"By Spouse & Dependent Child. Traded $65,002 To $150,000 ."
2021-08-13,Michael,Mccaul,"US Congressman",FTNT,"Fortinet Inc",107501,Sell,"By Spouse & Dependent Child. Traded $65,002 To $150,000 ."
2021-08-15,Joshua,Gottheimer,"US Congressman",CRNC,"Cerence Inc",8000,Sell,"Traded $1,001 to $15,000 "
2021-08-16,Alan,Lowenthal,"US Congressman",LZ,"Legalzoom.com ",8000,Buy,"By Spouse.Traded $1,001 to $15,000 "
2021-08-16,Virginia,Foxx,"US Congressman",PAA,"Plains All Ame",8000,Buy,"Traded $1,001 to $15,000 "
2021-08-16,Diana,Harshbarger,"US Congressman",AMZN,"Amazon.com Inc",16001,Buy,"Traded $2,002 To $30,000 ."
2021-08-16,Diana,Harshbarger,"US Congressman",CHGG,"Chegg Inc",24002,Buy,"By Director And Spouse. Traded $3,003 To $45,000 "
2021-08-16,Kevin,Hern,"US Congressman",MMC,"Marsh & Mclenn",175000,Buy,"Traded $100,001 to $250,000 "
2021-08-16,Kevin,Hern,"US Congressman",OKE,"Oneok Inc",8000,"Div Re","Traded $1,001 to $15,000 "
2021-08-16,Joshua,Gottheimer,"US Congressman",MSFT,"Microsoft Corp",3000000,Buy,"Purchase Of Call Options With Strike Price $150 And Expiry 15-October-2021. Traded $1,000,001 To $5,000,000 "
2021-08-16,Joshua,Gottheimer,"US Congressman",MSFT,"Microsoft Corp",750000,Buy,"Purchase Of Call Options With Strike Price $145 And Expiry 15-October-2021. Traded $500,001 To $1,000,000 "
2021-08-16,Joshua,Gottheimer,"US Congressman",MSFT,"Microsoft Corp",750000,Buy,"Purchase Of Call Options With Strike Price $150 And Expiry 19-November-2021. Traded $500,001 To $1,000,000 "
2021-08-16,Joshua,Gottheimer,"US Congressman",MSFT,"Microsoft Corp",6750002,Sell,"Sale Of Call Options With Strike Price $150 And Expiry 18-March-2022. Traded $2,500,003 To $11,000,000 "
2021-08-16,Joshua,Gottheimer,"US Congressman",MSFT,"Microsoft Corp",750000,Sell,"Sale Of Call Options With Strike Price $145 And Expiry 18-March-2022. Traded $500,001 To $1,000,000 "
2021-08-16,Joshua,Gottheimer,"US Congressman",MSFT,"Microsoft Corp",750000,Sell,"Sale Of Call Options With Strike Price $160 And Expiry 21-January-2022. Traded $500,001 To $1,000,000 "
2021-08-16,Joshua,Gottheimer,"US Congressman",MSFT,"Microsoft Corp",750000,Buy,"Purchase Of Call Options With Strike Price $160 And Expiry 17-September-2021. Traded $500,001 To $1,000,000 "
2021-08-16,Joshua,Gottheimer,"US Congressman",MSFT,"Microsoft Corp",3000000,Buy,"Purchase Of Call Options With Strike Price $150 And Expiry 17-September-2021. Traded $1,000,001 To $5,000,000 "
2021-08-16,Thomas,Suozzi,"US Congressman",IBUY,"Online Retail ",75000,Sell,"Traded $50,001 to $100,000 "
2021-08-16,Michael,Mccaul,"US Congressman",SCHW,"The Charles Sc",107501,Buy,"By Spouse & Dependent Child. Traded $65,002 To $150,000 ."
2021-08-16,Michael,Mccaul,"US Congressman",SIRI,"Sirius XM Hold",107501,Sell,"By Spouse & Dependent Child. Traded $65,002 To $150,000 ."
2021-08-16,Michael,Mccaul,"US Congressman",OGN,"Organon & Co.",450001,Buy,"By Spouse & Dependent Child. Traded $300,002 To $600,000 ."
2021-08-16,Morris,Brooks,"US Congressman",PFE,"Pfizer Inc",32500,Sell,"Traded $15,001 to $50,000 "
2021-08-16,Peter,Sessions,"US Congressman",QQQ,"Nasdaq QQQ Inv",5534,Buy,"By Spouse. Price Not Reported."
2021-08-17,Lloyd,Doggett,"US Congressman",PG,"Procter & Gamb",8000,Buy,"Traded $1,001 to $15,000 ."
2021-08-17,Susie,Lee,"US Congressman",BLDR,"Builders First",8000,Sell,"Traded $1,001 to $15,000 "
2021-08-17,Susie,Lee,"US Congressman",CARR,"Carrier Global",8000,Sell,"Traded $1,001 to $15,000 ."
2021-08-17,Susie,Lee,"US Congressman",DELL,"Dell Technolog",8000,Sell,"Traded $1,001 to $15,000 "
2021-08-17,Susie,Lee,"US Congressman",HOUS,"Anywhere Real ",8000,Sell,"Traded $1,001 to $15,000 "
2021-08-17,Shelley,Capito,"US Senator",MSFT,"Microsoft Corp",8000,Sell,"Traded $1,001 to $15,000 "
2021-08-17,Shelley,Capito,"US Senator",AAPL,"Apple Inc",8000,Sell,"Traded $1,001 to $15,000 ."
2021-08-17,Michael,Mccaul,"US Congressman",LIN,"Linde Plc",65001,Buy,"By Spouse & Dependent Child. Traded $30,002 To $100,000 ."
2021-08-17,Michael,Mccaul,"US Congressman",SIRI,"Sirius XM Hold",65001,Sell,"By Spouse & Dependent Child. Traded $30,002 To $100,000 ."
2021-08-18,Mark,Green,"US Congressman",ET,"Energy Transfe",32500,Buy,"Traded $15,001 to $50,000 "
2021-08-18,Mark,Green,"US Congressman",SHLX,"Shell Midstrea",32500,Buy,"Traded $15,001 to $50,000 "
2021-08-18,Donald,Beyer,"US Congressman",CDNS,"Cadence Design",8000,Buy,"Traded $1,001 to $15,000 ."
2021-08-18,Thomas,Tuberville,"US Senator",SSYS,"Stratasys Ltd",8000,Buy,"Traded $1,001 to $15,000 "
2021-08-18,Diana,Harshbarger,"US Congressman",GOOGL,"Alphabet Cl A",8000,Sell,"By Spouse. Traded $1,001 to $15,000 "
2021-08-18,Walter,Schrader,"US Congressman",CTXS,"Citrix Systems",8000,Sell,"Traded $1,001 to $15,000 ."
2021-08-18,Blake,Moore,"US Congressman",TSLA,"Tesla Inc",8000,Buy,"Purchase Of Put Options With Strike Price $500 And Expiry 15-October-2021. Traded $1,001 To $15,000 "
2021-08-18,Blake,Moore,"US Congressman",TSLA,"Tesla Inc",8000,Sell,"Sale Of Put Options With Strike Price $510 And Expiry 15-October-2021. Traded $1,001 To $15,000 "
2021-08-18,Michael,Mccaul,"US Congressman",AMZN,"Amazon.com Inc",250001,Buy,"By Spouse & Dependent Child. Traded $150,002 To $350,000 ."
2021-08-18,Michael,Mccaul,"US Congressman",LIN,"Linde Plc",65001,Buy,"By Spouse & Dependent Child. Traded $30,002 To $100,000 ."
2021-08-18,Michael,Mccaul,"US Congressman",GOOGL,"Alphabet Cl A",65001,Sell,"By Spouse & Dependent Child. Traded $30,002 To $100,000 ."
2021-08-18,Michael,Mccaul,"US Congressman",SIRI,"Sirius XM Hold",107501,Sell,"By Spouse & Dependent Child. Traded $65,002 To $150,000 ."
2021-08-18,Peter,Sessions,"US Congressman",AMZN,"Amazon.com Inc",8000,Buy,"Traded $1,001 to $15,000 ."
2021-08-19,Mark,Green,"US Congressman",AM,"Antero Midstre",750000,Sell,"Traded $500,001 to $1,000,000 "
2021-08-19,Mark,Green,"US Congressman",CAPL,"Crossamerica P",3000000,Sell,"Traded $1,000,001 to $5,000,000 "
2021-08-19,Mark,Green,"US Congressman",NS,"Nustar Energy ",375000,Sell,"Traded $250,001 to $500,000 "
2021-08-19,Mark,Green,"US Congressman",SHLX,"Shell Midstrea",3000000,Sell,"Traded $1,000,001 to $5,000,000 "
2021-08-19,David,Rouzer,"US Congressman",MO,"Altria Group",8000,Sell,"Traded $1,001 to $15,000 "
2021-08-19,James,Langevin,"US Congressman",NFLX,"Netflix Inc",8000,Sell,"Purchase Of Call Options With Strike Price $525 And Expiry 08/20/2021. Traded $1,001 To $15,000, As We Don't Have A Price We Have Stated An Amount Of 1 And Valued At The Midpoint."
2021-08-19,David,Mckinley,"US Congressman",GOOGL,"Alphabet Cl A",8000,Sell,"Traded $1,001 to $15,000 "
2021-08-19,David,Mckinley,"US Congressman",ACN,"Accenture Plc",8000,Sell,"Traded $1,001 to $15,000 "
2021-08-19,David,Mckinley,"US Congressman",AAPL,"Apple Inc",8000,Sell,"Traded $1,001 to $15,000 ."
2021-08-19,David,Mckinley,"US Congressman",EL,"Estee Lauder C",8000,Sell,"Traded $1,001 to $15,000 "
2021-08-19,David,Mckinley,"US Congressman",INTU,"Intuit Inc",8000,Sell,"Traded $1,001 to $15,000 "
2021-08-19,David,Mckinley,"US Congressman",TMO,"Thermo Fisher ",8000,Sell,"Traded $1,001 to $15,000 "
2021-08-19,David,Mckinley,"US Congressman",TSCO,"Tractor Supply",8000,Sell,"Traded $1,001 to $15,000 "
2021-08-19,Michael,Mccaul,"US Congressman",MU,"Micron Technol",40501,Buy,"By Spouse & Dependent Child. Traded $16,002 to $65,000 ."
2021-08-19,Michael,Mccaul,"US Congressman",PCAR,"Paccar Inc",16001,Buy,"By Spouse & Dependent Child. Traded $2,002 to $30,000 ."
2021-08-19,Michael,Mccaul,"US Congressman",ETN,"Eaton Corp",65001,Sell,"By Spouse & Dependent Child. Traded $30,002 To $100,000 ."
2021-08-19,Peter,Sessions,"US Congressman",MSFT,"Microsoft Corp",7419,Buy,"Price not reported."
2021-08-19,Michael,Mccaul,"US Congressman",SNEJF,"Sony Group Cor",16001,Buy,"By Spouse & Dependent Child. Traded $2,002 to $30,000 ."
2021-08-20,Marie,Newman,"US Congressman",CRM,"Salesforce Inc",32500,Sell,"By Spouse.Traded $15,001 To $50,000 "
2021-08-20,Marie,Newman,"US Congressman",W,"Wayfair Inc",32500,Sell,"By Spouse.Traded $15,001 To $50,000 ."
2021-08-20,Marie,Newman,"US Congressman",WMT,"Walmart Inc",8000,Sell,"By Spouse.Traded $1,001 to $15,000 ."
2021-08-20,Susie,Lee,"US Congressman",BKI,"Black Knight I",8000,Buy,"Traded $1,001 to $15,000 "
2021-08-20,Susie,Lee,"US Congressman",BAH,"Booz Allen Ham",8000,Buy,"Traded $1,001 to $15,000 "
2021-08-20,Susie,Lee,"US Congressman",BFAM,"Bright Horizon",8000,Buy,"Traded $1,001 to $15,000 "
2021-08-20,Susie,Lee,"US Congressman",CHDN,"Churchill Down",8000,Buy,"Traded $1,001 to $15,000 ."
2021-08-20,Susie,Lee,"US Congressman",ON,"On Semiconduct",8000,Buy,"Traded $1,001 to $15,000 "
2021-08-20,Susie,Lee,"US Congressman",FOUR,"Shift4 Payment",8000,Buy,"Traded $1,001 to $15,000 "
2021-08-20,Susie,Lee,"US Congressman",VSCO,"Victorias Secr",8000,Sell,"Traded $1,001 to $15,000 "
2021-08-20,Frederick,Upton,"US Congressman",COST,"Costco Wholesa",65001,Buy,"By Congressman And Spouse. Traded $30,002 To $100,000 "
2021-08-20,Joshua,Gottheimer,"US Congressman",DAVA,"Endava Plc ADR",8000,Sell,"Traded $1,001 to $15,000 "
2021-08-20,Joshua,Gottheimer,"US Congressman",HALO,"Halozyme Thera",8000,Buy,"Traded $1,001 to $15,000 "
2021-08-20,Joshua,Gottheimer,"US Congressman",SYNH,"Syneos Health ",8000,Sell,"Traded $1,001 to $15,000 "
2021-08-20,Cynthia,Axne,"US Congressman",AMZN,"Amazon.com Inc",16001,Buy,"By Congressman & Spouse. Traded $2,002 To $30,000 ."
2021-08-22,Charles,Fleischmann,"US Congressman",IGLB,"Long-Term Corp",8000,Sell,"Traded $1,001 to $15,000 "
2021-08-22,Charles,Fleischmann,"US Congressman",IEMG,"Emrg Mkts Isha",8000,Sell,"Traded $1,001 to $15,000 "
2021-08-23,Walter,Schrader,"US Congressman",APD,"Air Products a",8000,Sell,"Traded $1,001 to $15,000 "
2021-08-23,Alan,Lowenthal,"US Congressman",GM,"General Motors",48500,Sell,"By Spouse.Traded $17,001 To $80.000 "
2021-08-23,Alan,Lowenthal,"US Congressman",BKNG,"Booking Holdin",48500,Buy,"By Spouse.Traded $17,001 To $80.000 "
2021-08-23,Alan,Lowenthal,"US Congressman",GM,"General Motors",32500,Sell,"By Spouse. Traded $15,001 To $50,000 "
2021-08-23,Michael,Mccaul,"US Congressman",PROSF,"Prosus NV Cl N",250001,Buy,"As ADR/ADS but shown as Ord equivalent. By Spouse & Dependent Child. Traded $150,002 to $350,000 ."
2021-08-23,Michael,Mccaul,"US Congressman",BABAF,"Alibaba Group ",350001,Sell,"By Spouse & Dependent Child. Traded $200,002 To $500,000 ."
2021-08-24,Kathy,Manning,"US Congressman",INTU,"Intuit Inc",8000,Sell,"Traded $1,001 to $15,000 ."
2021-08-24,Michael,Mccaul,"US Congressman",BABAF,"Alibaba Group ",750001,Sell,"By Spouse & Dependent Child. Traded $500,002 To $1,000,000 ."
2021-08-25,Patrick,Fallon,"US Congressman",DE,"Deere & Compan",175000,Sell,"Traded $100,001 to $250,000 "
2021-08-25,Gerald,Connolly,"US Congressman",D,"Dominion Energ",8000,Sell,"Traded $1,001 to $15,000 "
2021-08-25,Gerald,Connolly,"US Congressman",LDOS,"Leidos Holding",32500,Sell,"Traded $15,001 to $50,000 "
2021-08-25,Gerald,Connolly,"US Congressman",SAIC,"Science Applic",8000,Sell,"Traded $1,001 to $15,000 "
2021-08-25,Shelley,Capito,"US Senator",AAPL,"Apple Inc",8000,Buy,"Traded $1,001 to $15,000 ."
2021-08-25,Kevin,Hern,"US Congressman",AHCO,"Adapthealth Co",175000,Buy,"Traded $100,001 to $250,000 "
2021-08-25,Kevin,Hern,"US Congressman",COST,"Costco Wholesa",375000,Buy,"Traded $250,001 to $500,000 "
2021-08-25,Kevin,Hern,"US Congressman",LMT,"Lockheed Marti",175000,Buy,"Traded $100,001 to $250,000 "
2021-08-25,Kevin,Hern,"US Congressman",TXN,"Texas Instrume",375000,Buy,"Traded $250,001 to $500,000 "
2021-08-25,James,Banks,"US Congressman",RBLX,"Roblox Corp Cl",16001,Sell,"Traded $2,002 To $30,000 ."
2021-08-25,Michael,Mccaul,"US Congressman",NFLX,"Netflix Inc",150001,Buy,"By Spouse & Dependent Child. Traded $100,002 To $200,000 ."
2021-08-25,Michael,Mccaul,"US Congressman",LVS,"Las Vegas Sand",450001,Buy,"By Spouse & Dependent Child. Traded $300,002 To $600,000 ."
2021-08-25,Michael,Mccaul,"US Congressman",COR,"Cencora Inc",40501,Sell,"By Spouse & Dependent Child. Traded $16,002 to $65,000 ."
2021-08-25,Michael,Mccaul,"US Congressman",AIG,"American Inter",40501,Sell,"By Spouse & Dependent Child. Traded $16,002 to $65,000 ."
2021-08-25,Michael,Mccaul,"US Congressman",NUE,"Nucor Corp",107501,Sell,"By Spouse & Dependent Child. Traded $65,002 To $150,000 ."
2021-08-25,Kathy,Manning,"US Congressman",ILMN,"Illumina Inc",8000,Buy,"Traded $1,001 to $15,000 ."
2021-08-26,Robert,Wittman,"US Congressman",CSCO,"Cisco Systems ",8000,Sell,"Traded $1,001 to $15,000 "
2021-08-26,Thomas,Suozzi,"US Congressman",BWA,"Borgwarner Inc",75000,Sell,"Traded $50,001 to $100,000 ."
2021-08-26,Thomas,Suozzi,"US Congressman",SPOT,"Spotify Techno",75000,Buy,"Traded $50,001 to $100,000 ."
2021-08-27,Thomas,Tuberville,"US Senator",CALX,"Calix Inc",8000,Buy,"Purchase Of Put Options With Strike Price $40.00 And Expiry 10/15/2021. Traded $1,001 To $15,000 "
2021-08-27,Marie,Newman,"US Congressman",NFLX,"Netflix Inc",75000,Sell,"By Spouse.Traded $50,001 to $100,000 "
2021-08-27,John,Boozman,"US Senator",VZ,"Verizon Commun",8000,Sell,"Traded $1,001 to $15,000 "
2021-08-27,John,Boozman,"US Senator",OMC,"Omnicom Group ",8000,Buy,"Traded $1,001 to $15,000 "
2021-08-27,Joshua,Gottheimer,"US Congressman",PINS,"Pinterest Inc",8000,Sell,"Traded $1,001 to $15,000 "
2021-08-27,Cynthia,Axne,"US Congressman",CHD,"Church & Dwigh",16001,Buy,"By Congressman & Spouse. Traded $2,002 To $30,000 ."
2021-08-27,Cynthia,Axne,"US Congressman",MKL,"Markel Corp",16001,Sell,"By Congressman & Spouse. Traded $2,002 To $30,000 ."
2021-08-30,Thomas,Tuberville,"US Senator",CALX,"Calix Inc",8000,Sell,"Sale Of Put Options With Strike Price $40.00 And Expiry 11/18/2022. Traded $1,001 To $15,000 "
2021-08-30,Thomas,Tuberville,"US Senator",ECOM,Channeladvisor,16001,Sell,"Sale Of Put Options With Strike Price $25.00 And Expiry 3/18/2022. Traded $2,002 To $30,000 "
2021-08-30,Walter,Schrader,"US Congressman",CVX,"Chevron Corp",8000,Buy,"Traded $1,001 to $15,000 "
2021-08-30,Sheldon,Whitehouse,"US Senator",MCHP,"Microchip Tech",32500,Sell,"Traded $15,001 to $50,000 "
2021-08-30,Sheldon,Whitehouse,"US Senator",T,"AT&T Inc",32500,Sell,"Traded $15,001 to $50,000 "
2021-08-30,Walter,Schrader,"US Congressman",J,"Jacobs Enginee",8000,Buy,"Traded $1,001 to $15,000 ."
2021-08-30,Walter,Schrader,"US Congressman",MSFT,"Microsoft Corp",32500,Sell,"Traded $15,001 to $50,000 "
2021-08-30,Walter,Schrader,"US Congressman",RARE,"Ultragenyx Pha",8000,Buy,"Traded $1,001 to $15,000 "
2021-08-30,James,Banks,"US Congressman",RBLX,"Roblox Corp Cl",8000,Buy,"Traded $1,001 to $15,000 ."
2021-08-30,Suzan,Delbene,"US Congressman",MSFT,"Microsoft Corp",375000,Buy,"By Spouse. Traded $250,001 To $500,000 ."
2021-08-30,Cynthia,Axne,"US Congressman",MKL,"Markel Corp",8000,Sell,"By Spouse. Traded $1,001 To $15,000 ."
2021-08-30,Sheldon,Whitehouse,"US Senator",BABAF,"Alibaba Group ",8000,Sell,"By Spouse. As ADR/ADS but shown as Ord equivalent. Traded $1,001 to $15,000 ."
2021-08-31,Marjorie,Greene,"US Congressman",ALB,"Albemarle Corp",8000,Buy,"Traded $1,001 to $15,000 "
2021-08-31,Marjorie,Greene,"US Congressman",AMAT,"Applied Materi",8000,Buy,"Traded $1,001 to $15,000 ."
2021-08-31,Marjorie,Greene,"US Congressman",V,"Visa Inc",8000,Buy,"Traded $1,001 to $15,000 "
2021-08-31,Marjorie,Greene,"US Congressman",DIS,"Walt Disney Co",8000,Buy,"Traded $1,001 to $15,000 "
2021-08-31,Suzan,Delbene,"US Congressman",MSFT,"Microsoft Corp",15000000,Buy,"By Spouse. Traded $5,000,001 To $25,000,000 ."
2021-08-31,Michael,Mccaul,"US Congressman",SCHW,"The Charles Sc",107501,Buy,"By Spouse & Dependent Child. Traded $65,002 To $150,000 ."
2021-09-01,Dean,Phillips,"US Congressman",COF,"Capital One Fi",32500,Sell,"Traded $15,001 to $50,000 ."
2021-09-01,Mark,Green,"US Congressman",AM,"Antero Midstre",175000,Buy,"Traded $100,001 to $250,000 "
2021-09-01,Mark,Green,"US Congressman",ENBL,"Enable Midstre",375000,Buy,"Traded $250,001 to $500,000 "
2021-09-01,Mark,Green,"US Congressman",ENLC,"Enlink Midstre",175000,Buy,"Traded $100,001 to $250,000 "
2021-09-01,Mark,Green,"US Congressman",GLP,"Global Partner",175000,Buy,"Traded $100,001 to $250,000 "
2021-09-01,Mark,Green,"US Congressman",NS,"Nustar Energy ",175000,Buy,"Traded $100,001 to $250,000 "
2021-09-01,Mark,Green,"US Congressman",USAC,"USA Compressio",175000,Buy,"Traded $100,001 to $250,000 ."
2021-09-01,Lois,Frankel,"US Congressman",PGR,"Progressive Co",8000,Buy,"Traded $1,001 to $15,000 "
2021-09-01,Lois,Frankel,"US Congressman",UNP,"Union Pacific ",8000,Buy,"Traded $1,001 to $15,000 "
2021-09-01,Walter,Schrader,"US Congressman",SE,"Sea Ltd ADR",8000,Sell,"Traded $1,001 to $15,000 ."
2021-09-01,Walter,Schrader,"US Congressman",HD,"Home Depot",8000,Sell,"Traded $1,001 to $15,000 "
2021-09-01,Walter,Schrader,"US Congressman",AON,"AON Plc",8000,Sell,"Traded $1,001 to $15,000 "
2021-09-01,Walter,Schrader,"US Congressman",PYPL,"Paypal Holding",8000,Sell,"Traded $1,001 to $15,000 "
2021-09-01,Walter,Schrader,"US Congressman",META,"Meta Platforms",8000,Sell,"Traded $1,001 to $15,000 "
2021-09-01,Joshua,Gottheimer,"US Congressman",SCHW,"The Charles Sc",8000,Sell,"Traded $1,001 to $15,000 "
2021-09-01,Joshua,Gottheimer,"US Congressman",WOLF,"Wolfspeed Inc",8000,Sell,"Traded $1,001 to $15,000 "
2021-09-01,Joshua,Gottheimer,"US Congressman",NSC,"Norfolk Southe",8000,Sell,"Traded $1,001 to $15,000 "
2021-09-01,Joshua,Gottheimer,"US Congressman",TT,"Trane Technolo",8000,Buy,"Traded $1,001 to $15,000 "
2021-09-01,Robert,Wittman,"US Congressman",RGLD,"Royal Gold Inc",8000,Sell,"By Spouse. Traded $1,001 To $15,000 ."
2021-09-01,Rohit,Khanna,"US Congressman",NVDA,"Nvidia Corp",8000,Sell,"By Spouse. Traded $1,001 To $15,000 "
2021-09-01,Rohit,Khanna,"US Congressman",CSCO,"Cisco Systems ",8000,Buy,"By Dependent Child.Traded $1,001 To $15,000 "
2021-09-01,Rohit,Khanna,"US Congressman",BAC,"Bank of Americ",8000,Buy,"By Dependent Child.Traded $1,001 To $15,000 "
2021-09-01,Rohit,Khanna,"US Congressman",URBN,"Urban Outfitte",8000,Buy,"By Dependent Child.Traded $1,001 To $15,000 "
2021-09-01,John,Hickenlooper,"US Senator",LBRDK,"Liberty Broadb",175000,Sell,"By Spouse. Traded $100,001 To $250,000 "
2021-09-01,John,Hickenlooper,"US Senator",LBRDK,"Liberty Broadb",32500,Exercise,"Unknown Share Option Scheme. By Spouse. Traded $15,001 To $50,000 "
2021-09-01,Kathy,Manning,"US Congressman",NVDA,"Nvidia Corp",8000,Sell,"Traded $1,001 to $15,000 ."
2021-09-01,Michael,Mccaul,"US Congressman",LUMN,"Lumen Technolo",207500,Sell,"By Spouse and Dependent Child. Traded $115,002 To $300,000 ."
2021-09-02,Mark,Green,"US Congressman",CAPL,"Crossamerica P",375000,Buy,"Traded $250,001 to $500,000 "
2021-09-02,Mark,Green,"US Congressman",ENBL,"Enable Midstre",375000,Buy,"Traded $250,001 to $500,000 "
2021-09-02,Mark,Green,"US Congressman",ENB,"Enbridge Inc",175000,Buy,"Traded $100,001 to $250,000 "
2021-09-02,Mark,Green,"US Congressman",ENLC,"Enlink Midstre",175000,Buy,"Traded $100,001 to $250,000 "
2021-09-02,Mark,Green,"US Congressman",GEL,"Genesis Energy",175000,Buy,"Traded $100,001 to $250,000 "
2021-09-02,Mark,Green,"US Congressman",GLP,"Global Partner",175000,Buy,"Traded $100,001 to $250,000 "
2021-09-02,Mark,Green,"US Congressman",SHLX,"Shell Midstrea",375000,Buy,"Traded $250,001 to $500,000 "
2021-09-02,Mark,Green,"US Congressman",SPH,"Suburban Propa",375000,Buy,"Traded $250,001 to $500,000 "
2021-09-02,Lois,Frankel,"US Congressman",PGR,"Progressive Co",8000,Buy,"Traded $1,001 to $15,000 "
2021-09-02,Mark,Green,"US Congressman",PSXP,"Phillips 66 Pa",375000,Buy,"Traded $250,001 to $500,000 "
2021-09-02,"Susan Ellen Zoe",Lofgren,"US Congressman",ACN,"Accenture Plc",8000,Buy,"By Spouse.Traded $1,001 to $15,000 ."
2021-09-02,"Susan Ellen Zoe",Lofgren,"US Congressman",ADBE,"Adobe Systems ",8000,Buy,"By Spouse.Traded $1,001 To $15,000 ."
2021-09-02,"Susan Ellen Zoe",Lofgren,"US Congressman",ALLY,"Ally Financial",8000,Buy,"By Spouse.Traded $1,001 To $15,000 ."
2021-09-02,"Susan Ellen Zoe",Lofgren,"US Congressman",AON,"AON Plc",8000,Buy,"By Spouse.Traded $1,001 To $15,000 ."
2021-09-02,"Susan Ellen Zoe",Lofgren,"US Congressman",ARCC,"Ares Capital C",8000,Buy,"By Spouse.Traded $1,001 To $15,000 ."
2021-09-02,"Susan Ellen Zoe",Lofgren,"US Congressman",AGR,"Avangrid Inc",8000,Buy,"By Spouse.Traded $1,001 To $15,000 ."
2021-09-02,"Susan Ellen Zoe",Lofgren,"US Congressman",BX,"Blackstone Inc",8000,Buy,"Traded $1,001 to $15,000 ."
2021-09-02,"Susan Ellen Zoe",Lofgren,"US Congressman",CRL,"Charles River ",8000,Buy,"Traded $1,001 to $15,000 ."
2021-09-02,"Susan Ellen Zoe",Lofgren,"US Congressman",CTAS,"Cintas Corp",8000,Buy,"By Spouse.Traded $1,001 To $15,000 ."
2021-09-02,"Susan Ellen Zoe",Lofgren,"US Congressman",CME,"CME Group Inc",8000,Buy,"Traded $1,001 to $15,000 ."
2021-09-02,"Susan Ellen Zoe",Lofgren,"US Congressman",KO,"Coca-Cola Comp",8000,Buy,"By Spouse.Traded $1,001 To $15,000 ."
2021-09-02,"Susan Ellen Zoe",Lofgren,"US Congressman",CMCSA,"Comcast Corp A",8000,Buy,"By Spouse.Traded $1,001 To $15,000 ."
2021-09-02,"Susan Ellen Zoe",Lofgren,"US Congressman",COST,"Costco Wholesa",8000,Buy,"By Spouse.Traded $1,001 To $15,000 ."
2021-09-02,"Susan Ellen Zoe",Lofgren,"US Congressman",EW,"Edwards Lifesc",8000,Buy,"By Spouse.Traded $1,001 To $15,000 ."
2021-09-02,"Susan Ellen Zoe",Lofgren,"US Congressman",JPM,"JP Morgan Chas",8000,Buy,"By Spouse.Traded $1,001 To $15,000 ."
2021-09-02,"Susan Ellen Zoe",Lofgren,"US Congressman",HD,"Home Depot",8000,Buy,"By Spouse. Traded $1,001 to $15,000 ."
2021-09-02,"Susan Ellen Zoe",Lofgren,"US Congressman",NXPI,"Nxp Semiconduc",8000,Buy,"By Spouse. Traded $1,001 To $15,000 ."
2021-09-02,"Susan Ellen Zoe",Lofgren,"US Congressman",SHW,Sherwin-Willia,8000,Buy,"By Spouse. Traded $1,001 To $15,000 ."
2021-09-02,"Susan Ellen Zoe",Lofgren,"US Congressman",SBUX,"Starbucks Corp",8000,Buy,"By Spouse. Traded $1,001 To $15,000 ."
2021-09-02,"Susan Ellen Zoe",Lofgren,"US Congressman",TMO,"Thermo Fisher ",8000,Buy,"By Spouse. Traded $1,001 To $15,000 ."
2021-09-02,"Susan Ellen Zoe",Lofgren,"US Congressman",TMUS,"T-Mobile US",8000,Buy,"By Spouse. Traded $1,001 To $15,000 ."
2021-09-02,"Susan Ellen Zoe",Lofgren,"US Congressman",TT,"Trane Technolo",8000,Buy,"By Spouse. Traded $1,001 To $15,000 ."
2021-09-02,"Susan Ellen Zoe",Lofgren,"US Congressman",TRU,Transunion,8000,Buy,"By Spouse. Traded $1,001 To $15,000 ."
2021-09-02,"Susan Ellen Zoe",Lofgren,"US Congressman",UNH,"Unitedhealth G",8000,Buy,"By Spouse. Traded $1,001 To $15,000 ."
2021-09-02,"Susan Ellen Zoe",Lofgren,"US Congressman",V,"Visa Inc",8000,Buy,"By Spouse. Traded $1,001 To $15,000 ."
2021-09-02,"Susan Ellen Zoe",Lofgren,"US Congressman",WMT,"Walmart Inc",8000,Buy,"By Spouse. Traded $1,001 To $15,000 ."
2021-09-02,"Susan Ellen Zoe",Lofgren,"US Congressman",DIS,"Walt Disney Co",8000,Buy,"By Spouse. Traded $1,001 To $15,000 ."
2021-09-02,"Susan Ellen Zoe",Lofgren,"US Congressman",ZTS,"Zoetis Inc Cl ",8000,Buy,"By Spouse. Traded $1,001 To $15,000 ."
2021-09-02,Kevin,Hern,"US Congressman",CDNS,"Cadence Design",32500,Buy,"Traded $15,001 to $50,000 ."
2021-09-02,Kevin,Hern,"US Congressman",XOM,"Exxon Mobil Co",8000,"Div Re","Traded $1,001 to $15,000 "
2021-09-02,Kevin,Hern,"US Congressman",ICLR,"Icon Plc",32500,Buy,"Traded $15,001 to $50,000 ."
2021-09-02,Kevin,Hern,"US Congressman",INTC,"Intel Corp",75000,Buy,"Traded $50,001 to $100,000 "
2021-09-02,Kevin,Hern,"US Congressman",IQV,"Iqvia Holdings",32500,Buy,"Traded $15,001 to $50,000 "
2021-09-02,Kevin,Hern,"US Congressman",JNJ,"Johnson & John",75000,Buy,"Traded $50,001 to $100,000 "
2021-09-02,Kevin,Hern,"US Congressman",PRGS,"Progress Softw",40501,Buy,"Traded $16,002 To $65,000 "
2021-09-02,Kevin,Hern,"US Congressman",RTX,"Rtx Corp",75000,Buy,"Traded $50,001 to $100,000 ."
2021-09-02,Kevin,Hern,"US Congressman",UNH,"Unitedhealth G",75000,Buy,"Traded $50,001 to $100,000 "
2021-09-02,Walter,Schrader,"US Congressman",T,"AT&T Inc",8000,Sell,"Traded $1,001 to $15,000 "
2021-09-02,Joshua,Gottheimer,"US Congressman",MCK,"Mckesson Corp",8000,Sell,"Traded $1,001 to $15,000 "
2021-09-02,James,Banks,"US Congressman",KR,"Kroger Company",8000,Sell,"Traded $1,001 to $15,000 ."
2021-09-02,James,Banks,"US Congressman",SBUX,"Starbucks Corp",8000,Sell,"Traded $1,001 to $15,000 ."
2021-09-02,Rohit,Khanna,"US Congressman",HD,"Home Depot",16001,Buy,"By Spouse And Dependent Child. Traded $2,002 To $30,000 ."
2021-09-02,Rohit,Khanna,"US Congressman",ISRG,"Intuitive Surg",8000,Buy,"By Dependent Child.Traded $1,001 To $15,000 "
2021-09-02,Michael,Mccaul,"US Congressman",SCHW,"The Charles Sc",250001,Buy,"By Spouse & Dependent Child. Traded $150,002 To $350,000 ."
2021-09-02,Michael,Mccaul,"US Congressman",NFLX,"Netflix Inc",150001,Buy,"By Spouse & Dependent Child. Traded $100,002 To $200,000 ."
2021-09-02,Michael,Mccaul,"US Congressman",AMZN,"Amazon.com Inc",150001,Buy,"By Spouse & Dependent Child. Traded $100,002 To $200,000 ."
2021-09-02,Michael,Mccaul,"US Congressman",EPAM,"Epam Systems I",65001,Sell,"By Spouse & Dependent Child. Traded $30,002 To $100,000 ."
2021-09-02,Michael,Mccaul,"US Congressman",FTNT,"Fortinet Inc",150001,Sell,"By Spouse And Dependent Child. Traded $100,002 to $200,000 ."
2021-09-02,Michael,Mccaul,"US Congressman",LUMN,"Lumen Technolo",207500,Sell,"By Spouse and Dependent Child. Traded $115,002 To $300,000 ."
2021-09-03,Addison,Mcconnell,"US Senator",WFC,"Wells Fargo & ",8000,"Div Re","By Spouse. Traded $1,001 to $15,000 ."
2021-09-03,Cynthia,"Lummis Wiederspahn","US Senator",J,"Jacobs Enginee",8000,Buy,"Traded $1,001 to $15,000 ."
2021-09-03,Kevin,Hern,"US Congressman",HON,"Honeywell Inte",8000,"Div Re","Traded $1,001 to $15,000 "
2021-09-03,Thomas,Tuberville,"US Senator",ECOM,Channeladvisor,8000,Buy,"Purchase Of Put Options With Strike Price $25.00 And Expiry 09/17/2021 .Traded $1,001 To $15,000 As We Don't Have A Price We Have Stated An Amount Of 1 And Valued At The Midpoint."
2021-09-03,Suzan,Delbene,"US Congressman",MSFT,"Microsoft Corp",15000000,Sell,"By Spouse. Traded $5,000,001 To $25,000,000 ."
2021-09-03,Austin,Scott,"US Congressman",BLDP,"Ballard Power ",8000,Buy,"Traded $1,001 to $15,000 "
2021-09-03,Rohit,Khanna,"US Congressman",AAPL,"Apple Inc",32500,Buy,"By Dependent Child. Traded $15,001 To $50,000 ."
2021-09-03,Rohit,Khanna,"US Congressman",GOOGL,"Alphabet Cl A",32500,Buy,"By Dependent Child. Traded $15,001 To $50,000 ."
2021-09-03,Rohit,Khanna,"US Congressman",MSFT,"Microsoft Corp",32500,Buy,"By Dependent Child. Traded $15,001 To $50,000 ."
2021-09-03,Rohit,Khanna,"US Congressman",PG,"Procter & Gamb",32500,Buy,"By Dependent Child. Traded $15,001 To $50,000 ."
2021-09-03,Rohit,Khanna,"US Congressman",MELI,"Mercadolibre I",32500,Buy,"By Dependent Child. Traded $15,001 To $50,000 ."
2021-09-03,Rohit,Khanna,"US Congressman",DIS,"Walt Disney Co",32500,Buy,"By Dependent Child. Traded $15,001 To $50,000 ."
2021-09-03,Rohit,Khanna,"US Congressman",DHR,"Danaher Corp",32500,Buy,"By Dependent Child. Traded $15,001 To $50,000 ."
2021-09-03,Rohit,Khanna,"US Congressman",CVS,"CVS Corp",32500,Buy,"By Dependent Child. Traded $15,001 To $50,000 ."
2021-09-03,Rohit,Khanna,"US Congressman",MCD,"McDonald's Cor",32500,Buy,"By Dependent Child. Traded $15,001 To $50,000 ."
2021-09-03,Rohit,Khanna,"US Congressman",LLY,"Eli Lilly and ",32500,Buy,"By Dependent Child. Traded $15,001 To $50,000 ."
2021-09-03,Rohit,Khanna,"US Congressman",LIN,"Linde Plc",32500,Buy,"By Dependent Child. Traded $15,001 To $50,000 ."
2021-09-03,Rohit,Khanna,"US Congressman",NKE,"Nike Inc",8000,Buy,"By Dependent Child.Traded $1,001 To $15,000 "
2021-09-03,Rohit,Khanna,"US Congressman",AXP,"American Expre",8000,Buy,"By Dependent Child.Traded $1,001 To $15,000 "
2021-09-03,Rohit,Khanna,"US Congressman",APTV,"Aptiv Plc",8000,Buy,"By Dependent Child.Traded $1,001 To $15,000 "
2021-09-03,Rohit,Khanna,"US Congressman",JPM,"JP Morgan Chas",8000,Buy,"By Dependent Child.Traded $1,001 To $15,000 "
2021-09-03,Rohit,Khanna,"US Congressman",GE,"General Electr",8000,Buy,"By Dependent Child.Traded $1,001 To $15,000 "
2021-09-03,Rohit,Khanna,"US Congressman",MS,"Morgan Stanley",8000,Buy,"By Dependent Child.Traded $1,001 To $15,000 ."
2021-09-03,Rohit,Khanna,"US Congressman",MRVL,"Marvell Techno",8000,Buy,"By Dependent Child.Traded $1,001 To $15,000 "
2021-09-03,Rohit,Khanna,"US Congressman",AMT,"American Tower",8000,Buy,"By Dependent Child.Traded $1,001 To $15,000 "
2021-09-03,Rohit,Khanna,"US Congressman",NEE,"Nextera Energy",8000,Buy,"By Dependent Child.Traded $1,001 To $15,000 "
2021-09-03,Rohit,Khanna,"US Congressman",DE,"Deere & Compan",8000,Buy,"By Dependent Child.Traded $1,001 To $15,000 "
2021-09-03,Rohit,Khanna,"US Congressman",UNP,"Union Pacific ",8000,Buy,"By Dependent Child.Traded $1,001 To $15,000 "
2021-09-03,Rohit,Khanna,"US Congressman",WDAY,"Workday Inc",8000,Buy,"By Dependent Child.Traded $1,001 To $15,000 "
2021-09-03,Rohit,Khanna,"US Congressman",ADBE,"Adobe Systems ",8000,Buy,"By Dependent Child.Traded $1,001 To $15,000 "
2021-09-03,Rohit,Khanna,"US Congressman",NVDA,"Nvidia Corp",8000,Buy,"By Dependent Child.Traded $1,001 To $15,000 "
2021-09-03,Rohit,Khanna,"US Congressman",V,"Visa Inc",8000,Buy,"By Dependent Child.Traded $1,001 To $15,000 "
2021-09-03,Rohit,Khanna,"US Congressman",OKTA,"Okta Inc Cl A",8000,Buy,"By Dependent Child.Traded $1,001 To $15,000 "
2021-09-03,Rohit,Khanna,"US Congressman",HD,"Home Depot",32002,Buy,"By Spouse and Dependent Child. Traded $4,004 to $60,000 ."
2021-09-03,Rohit,Khanna,"US Congressman",URBN,"Urban Outfitte",8000,Buy,"By Dependent Child.Traded $1,001 To $15,000 "
2021-09-03,Rohit,Khanna,"US Congressman",AMZN,"Amazon.com Inc",8000,Sell,"By Dependent Child.Traded $1,001 To $15,000 ."
2021-09-03,Michael,Mccaul,"US Congressman",UPS,"United Parcel ",150001,Buy,"By Spouse& Dependent Child. Traded $100,001 to $250,000 ."
2021-09-03,Rohit,Khanna,"US Congressman",WBA,"Walgreens Boot",375000,Buy,"By Spouse. Traded $250,001 To $500,000 ."
2021-09-03,Rohit,Khanna,"US Congressman",KO,"Coca-Cola Comp",175000,Buy,"By Spouse. Traded $100,001 To $250,000 ."
2021-09-03,Rohit,Khanna,"US Congressman",MRK,"Merck & Compan",75000,Buy,"By Spouse. Traded $50,001 To $100,000 ."
2021-09-03,Rohit,Khanna,"US Congressman",T,"AT&T Inc",32500,Buy,"By Spouse. Traded $15,001 To $50,000 . Exact trade date is not visible in the filing, so assuming the date as end of month."
2021-09-03,Rohit,Khanna,"US Congressman",ALB,"Albemarle Corp",175000,Sell,"By Spouse. Traded $100,001 To $250,000 ."
2021-09-03,Rohit,Khanna,"US Congressman",PARA,"Paramount Glob",175000,Sell,"By Spouse. Traded $100,001 To $250,000 ."
2021-09-03,Rohit,Khanna,"US Congressman",PFE,"Pfizer Inc",175000,Sell,"By Spouse. Traded $100,001 To $250,000 ."
2021-09-03,Rohit,Khanna,"US Congressman",VTRS,"Viatris Inc",8000,Sell,"By Spouse. Traded $1,001 to $15,000 ."
2021-09-03,Rohit,Khanna,"US Congressman",OGN,"Organon & Co.",8000,Sell,"By Spouse. Traded $1,001 to $15,000 ."
2021-09-07,Blake,Moore,"US Congressman",WYNN,"Wynn Resorts L",16001,Buy,"Purchase Of Put Options With Strike Price $105 And Expiry 17-September-2021. Traded $2,002 To $30,000 "
2021-09-07,Blake,Moore,"US Congressman",WYNN,"Wynn Resorts L",16001,Buy,"Purchase Of Put Options With Strike Price $100 And Expiry 15-October-2021. Traded $2,002 To $30,000 "
2021-09-07,Blake,Moore,"US Congressman",WYNN,"Wynn Resorts L",16001,Sell,"Sale Of Put Options With Strike Price $105 And Expiry 15-October-2021. Traded $2,002 To $30,000 "
2021-09-07,Marie,Newman,"US Congressman",MET,"Metlife Inc",16001,Buy,"By Spouse. Traded $2,002 To $30,000 ."
2021-09-07,Marie,Newman,"US Congressman",R,"Ryder System",32500,Buy,"By Spouse. Traded $15,001 To $50,000 ."
2021-09-07,Marie,Newman,"US Congressman",ZM,"Zoom Video Com",8000,Buy,"By Spouse. Traded $15,001 To $50,000 ."
2021-09-07,Kevin,Hern,"US Congressman",DIAL,"Columbia Diver",8000,"Div Re","Traded $1,001 to $15,000 "
2021-09-07,Kevin,Hern,"US Congressman",JNJ,"Johnson & John",8000,"Div Re","Traded $1,001 to $15,000 "
2021-09-07,Walter,Schrader,"US Congressman",NULG,"Nushares ESG L",8000,Sell,"Traded $1,001 to $15,000 "
2021-09-07,Walter,Schrader,"US Congressman",VLUE,"USA Value Fact",8000,Sell,"Traded $1,001 to $15,000 ."
2021-09-07,Austin,Scott,"US Congressman",FCEL,"Fuelcell Energ",8000,Buy,"Traded $1,001 to $15,000 "
2021-09-07,Austin,Scott,"US Congressman",PLUG,"Plug Power Inc",8000,Buy,"Traded $1,001 to $15,000 "
2021-09-07,Michael,Mccaul,"US Congressman",EPAM,"Epam Systems I",65001,Sell,"By Spouse & Dependent Child. Traded $30,002 To $100,000 ."
"Downloaded from Barchart.com as of 03-09-2024 07:07am CST"
